fonKodu,firma,durum,fonKategori,sonFiyat,payAdet,portBuyukluk,yatirimciSayi,fonUnvan
AAL,ATA PORTFÖY YÖNETİMİ A.Ş.,AKTİF,Para Piyasası Fonu,3.583857,519514163,1861864275.22,4501,ATA PORTFÖY PARA PİYASASI (TL) FONU
AAS,ATA PORTFÖY YÖNETİMİ A.Ş.,AKTİF,Serbest Fon,12.868202,1330088,17115840.57,148,ATA PORTFÖY FON SEPETİ SERBEST FONU
AAV,ATA PORTFÖY YÖNETİMİ A.Ş.,AKTİF,Hisse Senedi Fonu,60.112175,2186403,131429440.81,1928,ATA PORTFÖY İKİNCİ HİSSE SENEDİ (TL) FONU (HİSSE SENEDİ YOĞUN FON)
ACC,İSTANBUL PORTFÖY YÖNETİMİ A.Ş.,AKTİF,Hisse Senedi Fonu,41.408774,2003416,82959000.85,1267,İSTANBUL PORTFÖY DÖRDÜNCÜ HİSSE SENEDİ FONU (HİSSE SENEDİ YOĞUN)
ACD,İSTANBUL PORTFÖY YÖNETİMİ A.Ş.,AKTİF,Değişken Fon,5.900514,57504796,339307869.36,1487,İSTANBUL PORTFÖY İKİNCİ DEĞİŞKEN FON
ACU,İSTANBUL PORTFÖY YÖNETİMİ A.Ş.,AKTİF,Serbest Fon,58.00148,25459788,1476705394.71,163,İSTANBUL PORTFÖY URARTU SERBEST (DÖVİZ) FON
ADE,AK PORTFÖY YÖNETİMİ A.Ş.,AKTİF,Değişken Fon,0.896628,754915111,676878391,25491,AK PORTFÖY MUTLAK GETİRİ HEDEFLİ DEĞİŞKEN FON
ADP,AK PORTFÖY YÖNETİMİ A.Ş.,AKTİF,Hisse Senedi Fonu,1.180838,3149844729,3719457086.5,21460,AK PORTFÖY BIST BANKA ENDEKSİ HİSSE SENEDİ (TL) FONU (HİSSE SENEDİ YOĞUN FON)
AED,ATA PORTFÖY YÖNETİMİ A.Ş.,AKTİF,Değişken Fon,111.173381,575014,63926260.75,1383,ATA PORTFÖY BİRİNCİ DEĞİŞKEN FON
AES,AK PORTFÖY YÖNETİMİ A.Ş.,AKTİF,Yabancı Fon Sepeti Fonu,0.209826,7565346547,1587408282.17,37107,AK PORTFÖY PETROL YABANCI BYF FON SEPETİ FONU
AEV,ALLBATROSS PORTFÖY YÖNETİMİ ANONİM ŞİRKETİ,AKTİF,Hisse Senedi Fonu,1.932188,4286641,8282598.15,402,ALLBATROSS PORTFÖY SANAYİ ŞİRKETLERİ HİSSE SENEDİ (TL) FONU (HİSSE SENEDİ YOĞUN FON)
AFA,AK PORTFÖY YÖNETİMİ A.Ş.,AKTİF,Hisse Senedi Fonu,1.292861,4197461644,5426736189,47069,AK PORTFÖY AMERİKA YABANCI HİSSE SENEDİ FONU
AFO,AK PORTFÖY YÖNETİMİ A.Ş.,AKTİF,Altın Fonu,1.32903,14310631974,19019254960.05,81236,AK PORTFÖY ALTIN FONU
AFS,AK PORTFÖY YÖNETİMİ A.Ş.,AKTİF,Hisse Senedi Fonu,0.352924,2583236367,911687178.93,29204,AK PORTFÖY SAĞLIK SEKTÖRÜ YABANCI HİSSE SENEDİ FONU
AFT,AK PORTFÖY YÖNETİMİ A.Ş.,AKTİF,Hisse Senedi Fonu,0.981819,18955897045,18611267813.99,136587,AK PORTFÖY YENİ TEKNOLOJİLER YABANCI HİSSE SENEDİ FONU
AFV,AK PORTFÖY YÖNETİMİ A.Ş.,AKTİF,Hisse Senedi Fonu,0.59841,2024865939,1211700393.05,14739,AK PORTFÖY AVRUPA YABANCI HİSSE SENEDİ FONU
AGC,AK PORTFÖY YÖNETİMİ A.Ş.,AKTİF,Değişken Fon,9.545857,10824168,103325962.27,2469,AK PORTFÖY İKİNCİ DEĞİŞKEN FON
AHV,AZİMUT PORTFÖY YÖNETİMİ A.Ş.,AKTİF,Fon Sepeti Fonu,21.775724,6225176,135557712.09,209,AZİMUT PORTFÖY DENGELİ FON SEPETİ FONU
AIS,AK PORTFÖY YÖNETİMİ A.Ş.,AKTİF,Katılım Fonu,0.110449,103423078604,11423008195.98,24112,AK PORTFÖY PARA PİYASASI KATILIM FONU
AJK,AK PORTFÖY YÖNETİMİ A.Ş.,AKTİF,Serbest Fon,65.566598,1944943,127523296.36,132,AK PORTFÖY 0-5 YIL VADELİ SERBEST (DÖVİZ) FON
AK2,AK PORTFÖY YÖNETİMİ A.Ş.,AKTİF,Borçlanma Araçları Fonu,0.555678,504419212,280294595.94,9248,AK PORTFÖY UZUN VADELİ BORÇLANMA ARAÇLARI FONU
AK3,AK PORTFÖY YÖNETİMİ A.Ş.,AKTİF,Hisse Senedi Fonu,50.108377,154960001,7764794139.51,20736,AK PORTFÖY HİSSE SENEDİ (TL) FONU (HİSSE SENEDİ YOĞUN FON)
AKE,AK PORTFÖY YÖNETİMİ A.Ş.,AKTİF,Borçlanma Araçları Fonu,0.528179,1958859159,1034628852.13,13352,AK PORTFÖY EUROBOND (AMERİKAN DOLARI) BORÇLANMA ARAÇLARI FONU
AKU,AK PORTFÖY YÖNETİMİ A.Ş.,AKTİF,Hisse Senedi Fonu,0.930128,2595639471,2414276654.76,18437,AK PORTFÖY BIST 30 ENDEKSİ HİSSE SENEDİ (TL) FONU (HİSSE SENEDİ YOĞUN FON)
ALC,AK PORTFÖY YÖNETİMİ A.Ş.,AKTİF,Hisse Senedi Fonu,0.352984,4360956189,1539347407.36,24839,AK PORTFÖY KAR PAYI ÖDEYEN ŞİRKETLER HİSSE SENEDİ (TL) FONU (HİSSE SENEDİ YOĞUN FON)
AN1,STRATEJİ PORTFÖY YÖNETİMİ A.Ş.,AKTİF,Değişken Fon,113.102261,12004058,1357686132.44,2855,STRATEJİ PORTFÖY BİRİNCİ DEĞİŞKEN FON
ANZ,ATA PORTFÖY YÖNETİMİ A.Ş.,AKTİF,Serbest Fon,21.853746,11834505,258628267.5,154,ATA PORTFÖY DÖRDÜNCÜ SERBEST (DÖVİZ) FON
AOJ,ALLBATROSS PORTFÖY YÖNETİMİ ANONİM ŞİRKETİ,AKTİF,Serbest Fon,1.467315,12628573,18530097.52,199,ALLBATROSS PORTFÖY İNŞAAT SEKTÖRÜ HİSSE SENEDİ SERBEST (TL) FON (HİSSE SENEDİ YOĞUN FON)
AOY,AK PORTFÖY YÖNETİMİ A.Ş.,AKTİF,Hisse Senedi Fonu,0.349964,2755645244,964376262.58,35002,AK PORTFÖY ALTERNATİF ENERJİ YABANCI HİSSE SENEDİ FONU
APJ,AK PORTFÖY YÖNETİMİ A.Ş.,AKTİF,Fon Sepeti Fonu,6.533577,11968468,78196901.93,2870,AK PORTFÖY BIST ŞİRKETLERİ FON SEPETİ FONU
APT,AK PORTFÖY YÖNETİMİ A.Ş.,AKTİF,Borçlanma Araçları Fonu,0.164868,2646697221,436356113.96,13205,AK PORTFÖY ORTA VADELI BORÇLANMA ARAÇLARI FONU
ARE,İSTANBUL PORTFÖY YÖNETİMİ A.Ş.,AKTİF,Hisse Senedi Fonu,0.253618,256114280,64955107.9,2046,İSTANBUL PORTFÖY YABANCI HİSSE SENEDİ FONU
ARL,AK PORTFÖY YÖNETİMİ A.Ş.,AKTİF,Fon Sepeti Fonu,16.186666,245116644,3967621192.6,7309,AK PORTFÖY BİRİNCİ FON SEPETİ FONU
ARM,AK PORTFÖY YÖNETİMİ A.Ş.,AKTİF,Fon Sepeti Fonu,18.334118,161119415,2953982385.86,4978,AK PORTFÖY İKİNCİ FON SEPETİ FONU
AS1,ALLBATROSS PORTFÖY YÖNETİMİ ANONİM ŞİRKETİ,AKTİF,Serbest Fon,45.953369,138482,6363714.41,36,ALLBATROSS PORTFÖY BİRİNCİ SERBEST (DÖVİZ) FON
ASJ,AKTİF PORTFÖY YÖNETİMİ A.Ş.,AKTİF,Hisse Senedi Fonu,3.672284,15284588,56129340.48,744,AKTİF PORTFÖY HİSSE SENEDİ (TL) FONU (HİSSE SENEDİ YOĞUN FON)
ATJ,AZİMUT PORTFÖY YÖNETİMİ A.Ş.,AKTİF,Değişken Fon,21.359685,45294433,967474801.21,9,AZİMUT PORTFÖY İKİNCİ DEĞİŞKEN FON
AUV,AK PORTFÖY YÖNETİMİ A.Ş.,AKTİF,Serbest Fon,49.607412,7740243,383973425.32,513,AK PORTFÖY UZUN VADELİ SERBEST (DÖVİZ) FON
AYA,ATA PORTFÖY YÖNETİMİ A.Ş.,AKTİF,Hisse Senedi Fonu,17.858757,56490324,1008846971.29,9330,ATA PORTFÖY KAR PAYI ÖDEYEN HİSSE SENEDİ (TL) FONU (HİSSE SENEDİ YOĞUN FON)
AYR,AK PORTFÖY YÖNETİMİ A.Ş.,AKTİF,Borçlanma Araçları Fonu,0.143772,11584628448,1665548975.64,13097,AK PORTFÖY ÖZEL SEKTÖR BORÇLANMA ARAÇLARI (TL) FONU
BAI,BV PORTFÖY YÖNETİMİ A.Ş.,AKTİF,Katılım Fonu,1.084021,56985376,61773353.08,126,BV PORTFÖY ALTIN KATILIM FONU
BBP,ALLBATROSS PORTFÖY YÖNETİMİ ANONİM ŞİRKETİ,AKTİF,Borçlanma Araçları Fonu,2.311068,10460403,24174697.83,600,ALLBATROSS PORTFÖY BİRİNCİ BORÇLANMA ARAÇLARI FONU
BCK,DENİZ PORTFÖY YÖNETİMİ A.Ş,AKTİF,Değişken Fon,2.028934,56014423,113649590.21,2430,DENİZ PORTFÖY BLOCKCHAİN VE FINTECH TEKNOLOJİLERİ DEĞİŞKEN FON
BDA,YAPI KREDİ PORTFÖY YÖNETİMİ A.Ş.,AKTİF,Serbest Fon,57.413497,102405177,5879439343.15,806,YAPI KREDİ PORTFÖY BİRİNCİ KATILIM SERBEST (DÖVİZ-AVRO) FON
BDY,AK PORTFÖY YÖNETİMİ A.Ş.,AKTİF,Hisse Senedi Fonu,1.610839,60482837,97428138.96,2356,AK PORTFÖY BIST 100 DIŞI ŞİRKETLER HİSSE SENEDİ (TL) FONU (HİSSE SENEDİ YOĞUN FON)
BFE,ALLBATROSS PORTFÖY YÖNETİMİ ANONİM ŞİRKETİ,AKTİF,Fon Sepeti Fonu,1.770893,5602322,9921113.22,54,ALLBATROSS PORTFÖY BİRİNCİ FON SEPETİ FONU
BFT,AZİMUT PORTFÖY YÖNETİMİ A.Ş.,AKTİF,Hisse Senedi Fonu,1.083,167828221,181757880.44,622,AZİMUT PORTFÖY BANKA VE FİNANS SEKTÖRÜ HİSSE SENEDİ FONU (HİSSE SENEDİ YOĞUN FON)
BGP,AK PORTFÖY YÖNETİMİ A.Ş.,AKTİF,Para Piyasası Fonu,6.716667,7720823510,51858202389.32,29255,AK PORTFÖY ÜÇÜNCÜ PARA PİYASASI (TL) FONU
BGR,AK PORTFÖY YÖNETİMİ A.Ş.,AKTİF,Hisse Senedi Fonu,0.903971,33190377,30003142.59,255,AK PORTFÖY BIST GYO ENDEKSİ HİSSE SENEDİ (TL) FONU (HİSSE SENEDİ YOĞUN FON)
BHE,AK PORTFÖY YÖNETİMİ A.Ş.,AKTİF,Serbest Fon,1.709914,22245046,38037123.85,106,AK PORTFÖY BİRİNCİ HİSSE SENEDİ SERBEST FON (HİSSE SENEDİ YOĞUN FON)
BHI,BV PORTFÖY YÖNETİMİ A.Ş.,AKTİF,Serbest Fon,2.409735,977673328,2355933149.72,445,BV PORTFÖY MUTLAK GETİRİ HEDEFLİ HİSSE SENEDİ SERBEST (TL) FON (HİSSE SENEDİ YOĞUN FON)
BHL,İŞ PORTFÖY YÖNETİMİ A.Ş.,AKTİF,Serbest Fon,1.173134,72298976,84816379.23,745,İŞ PORTFÖY BİRİNCİ HİSSE SENEDİ SERBEST FON (HİSSE SENEDİ YOĞUN FON)
BID,QNB PORTFÖY YÖNETİMİ A.Ş.,AKTİF,Hisse Senedi Fonu,2.99776,69774685,209167731.09,2011,QNB PORTFÖY BIST 100 DIŞI ŞİRKETLER HİSSE SENEDİ (TL) FONU (HİSSE SENEDİ YOĞUN FON)
BIG,YAPI KREDİ PORTFÖY YÖNETİMİ A.Ş.,AKTİF,Hisse Senedi Fonu,1.36999,333318077,456642565.7,3196,YAPI KREDİ PORTFÖY ÜÇÜNCÜ HİSSE SENEDİ FONU (HİSSE SENEDİ YOĞUN FON)
BIO,İŞ PORTFÖY YÖNETİMİ A.Ş.,AKTİF,Hisse Senedi Fonu,2.199004,276937133,608985846.7,9733,İŞ PORTFÖY SÜRDÜRÜLEBİLİRLİK HİSSE SENEDİ (TL) FONU (HİSSE SENEDİ YOĞUN FON)
BIP,İSTANBUL PORTFÖY YÖNETİMİ A.Ş.,AKTİF,Serbest Fon,1.686066,4599033229,7754274170.36,224,İSTANBUL PORTFÖY BİRİNCİ PARA PİYASASI SERBEST (TL) FON
BIS,BV PORTFÖY YÖNETİMİ A.Ş.,AKTİF,Serbest Fon,1.821738,443705844,808315888.89,59,BV PORTFÖY BİRİNCİ SERBEST FON
BIY,AZİMUT PORTFÖY YÖNETİMİ A.Ş.,AKTİF,Hisse Senedi Fonu,1.241701,60522372,75150701.14,280,AZİMUT PORTFÖY BIST 100 DIŞI ŞİRKETLER HİSSE SENEDİ FONU (HİSSE SENEDİ YOĞUN FON)
BJD,AZİMUT PORTFÖY YÖNETİMİ A.Ş.,AKTİF,Serbest Fon,54.162432,13378292,724600827.57,102,AZİMUT PORTFÖY 13.0 SERBEST (DÖVİZ) FON
BKY,YAPI KREDİ PORTFÖY YÖNETİMİ A.Ş.,AKTİF,Serbest Fon,50.710334,172802343,8762864514.46,1101,YAPI KREDİ PORTFÖY BİRİNCİ KATILIM SERBEST (DÖVİZ) FON
BLD,DENİZ PORTFÖY YÖNETİMİ A.Ş,AKTİF,Serbest Fon,1.714346,289626650,496520377.42,694,DENİZ PORTFÖY BALEV EĞİTİME DESTEK SERBEST FON
BNC,AK PORTFÖY YÖNETİMİ A.Ş.,AKTİF,Serbest Fon,2.238126,288244512,645127617.3,261,AK PORTFÖY BEŞİNCİ SERBEST FON
BNH,İSTANBUL PORTFÖY YÖNETİMİ A.Ş.,AKTİF,Serbest Fon,1.106774,47935846,53054125.33,166,İSTANBUL PORTFÖY BANKACILIK SEKTÖRÜ HİSSE SENEDİ SERBEST (TL) FON (HİSSE SENEDİ YOĞUN FON)
BOL,AKTİF PORTFÖY YÖNETİMİ A.Ş.,AKTİF,Borçlanma Araçları Fonu,1.74286,71059044,123845960.25,326,AKTİF PORTFÖY BORÇLANMA ARAÇLARI FONU
BRC,RE-PIE PORTFÖY YÖNETİMİ A.Ş.,AKTİF,Serbest Fon,1.370957,79367020,108808780.29,35,RE-PIE PORTFÖY BİRİNCİ İSTATİSTİKSEL ARBİTRAJ HİSSE SENEDİ SERBEST FON (HİSSE SENEDİ YOĞUN FON)
BRF,DENİZ PORTFÖY YÖNETİMİ A.Ş,AKTİF,Fon Sepeti Fonu,1.579846,52718511,83287126.96,1147,DENİZ PORTFÖY BİRİNCİ FON SEPETİ FONU
BRR,AK PORTFÖY YÖNETİMİ A.Ş.,AKTİF,Borçlanma Araçları Fonu,1.711578,1956416111,3348558916.06,1070,AK PORTFÖY İKİNCİ KISA VADELİ BORÇLANMA ARAÇLARI (TL) FONU
BS1,AHLATCI PORTFÖY YÖNETİMİ ANONİM ŞİRKETİ,AKTİF,Serbest Fon,1.468311,296107659,434778047.25,783,AHLATCI PORTFÖY BİRİNCİ SERBEST (TL) FON
BSD,BV PORTFÖY YÖNETİMİ A.Ş.,AKTİF,Serbest Fon,1.208102,279837630,338072433.06,84,BV PORTFÖY SERBEST (DÖVİZ) FON
BSM,GLOBAL MD PORTFÖY YÖNETİMİ A.Ş.,AKTİF,Serbest Fon,1.830449,1405077622,2571922908.09,2835,GLOBAL MD PORTFÖY BERRAK SERBEST FON
BTE,BV PORTFÖY YÖNETİMİ A.Ş.,AKTİF,Değişken Fon,5.12803,42157993,216187436.71,994,BV PORTFÖY OYUN VE TEKNOLOJİ DEĞİŞKEN FON
BTK,BV PORTFÖY YÖNETİMİ A.Ş.,AKTİF,Katılım Fonu,1.685974,188220661,317335160.43,2146,BV PORTFÖY TEKNOLOJİ KATILIM FONU
BUY,AK PORTFÖY YÖNETİMİ A.Ş.,AKTİF,Hisse Senedi Fonu,1.554618,185581469,288508318.34,16312,AK PORTFÖY BÜYÜYEN ŞİRKETLER HİSSE SENEDİ (TL) FONU (HİSSE SENEDİ YOĞUN FON)
BV1,BV PORTFÖY YÖNETİMİ A.Ş.,AKTİF,Hisse Senedi Fonu,1.552703,53929522,83736522.45,456,BV PORTFÖY BİRİNCİ HİSSE SENEDİ (TL) FON (HİSSE SENEDİ YOĞUN FON)
BVD,BV PORTFÖY YÖNETİMİ A.Ş.,AKTİF,Değişken Fon,1.359847,155736996,211778550.84,289,BV PORTFÖY BİRİNCİ DEĞİŞKEN FON
BVF,BV PORTFÖY YÖNETİMİ A.Ş.,AKTİF,Para Piyasası Fonu,1.45616,1351705040,1968299189.46,620,BV PORTFÖY PARA PİYASASI (TL) FON
BVM,ALLBATROSS PORTFÖY YÖNETİMİ ANONİM ŞİRKETİ,AKTİF,Serbest Fon,1.231801,10354505,12754691.16,121,ALLBATROSS PORTFÖY BİRİNCİ HİSSE SENEDİ SERBEST (TL) FON (HİSSE SENEDİ YOĞUN FON)
BVV,BV PORTFÖY YÖNETİMİ A.Ş.,AKTİF,Değişken Fon,3.483721,45207148,157489097.95,1101,BV PORTFÖY TEKNOLOJİ DEĞİŞKEN FON
BVZ,BV PORTFÖY YÖNETİMİ A.Ş.,AKTİF,Serbest Fon,4.617316,722255671,3334882400.23,597,BV PORTFÖY İSTATİSTİKSEL ARBİTRAJ SERBEST FON
CFO,ROTA PORTFÖY YÖNETİMİ A.Ş.,AKTİF,Para Piyasası Fonu,2.586847,740914975,1916633372.62,452,ROTA PORTFÖY İKİNCİ PARA PİYASASI FONU
CIN,AKTİF PORTFÖY YÖNETİMİ A.Ş.,AKTİF,Serbest Fon,1.712363,10572662,18104235.38,518,AKTİF PORTFÖY BİRİNCİ SERBEST FON
CKF,ALBARAKA PORTFÖY YÖNETİMİ A.Ş.,AKTİF,Katılım Fonu,2.101781,332823728,699522487.38,2957,ALBARAKA PORTFÖY ÇOKLU VARLIK KATILIM FONU
CKL,YAPI KREDİ PORTFÖY YÖNETİMİ A.Ş.,AKTİF,Değişken Fon,1.600639,501108081,802092921.19,1352,YAPI KREDİ PORTFÖY ÇOKLU VARLIK DEĞİŞKEN FON
CKS,İŞ PORTFÖY YÖNETİMİ A.Ş.,AKTİF,Serbest Fon,61.78212,94474624,5836842554.24,2390,İŞ PORTFÖY BİRİNCİ KATILIM SERBEST (DÖVİZ) FON
CPT,ROTA PORTFÖY YÖNETİMİ A.Ş.,AKTİF,Değişken Fon,3.658517,238845122,873818940.79,13864,ROTA PORTFÖY ÇİP TEKNOLOJİLERİ DEĞİŞKEN FON
CPU,AKTİF PORTFÖY YÖNETİMİ A.Ş.,AKTİF,Katılım Fonu,3.826883,335922910,1285537734.42,17849,AKTİF PORTFÖY TEKNOLOJİ KATILIM FONU
CVK,INVEO PORTFÖY YÖNETİMİ A.Ş.,AKTİF,Katılım Fonu,5.246929,33291151,174676303.72,1855,INVEO PORTFÖY ÇOKLU VARLIK KATILIM FONU
DAH,DENİZ PORTFÖY YÖNETİMİ A.Ş,AKTİF,Hisse Senedi Fonu,3.330835,161306500,537285356.68,2536,DENİZ PORTFÖY HİSSE SENEDİ FONU (HİSSE SENEDİ YOĞUN FON)
DAP,DESTEK PORTFÖY YÖNETİMİ A.Ş.,AKTİF,Para Piyasası Fonu,1.047826,907959735,951384110.55,845,DESTEK PORTFÖY PARA PİYASASI FONU
DAS,DENİZ PORTFÖY YÖNETİMİ A.Ş,AKTİF,Serbest Fon,56.149337,2024929659,113698457111.51,25187,DENİZ PORTFÖY ONİKİNCİ SERBEST (DÖVİZ) FON
DBA,DENİZ PORTFÖY YÖNETİMİ A.Ş,AKTİF,Altın Fonu,0.746895,13006111389,9714200735.15,25050,DENİZ PORTFÖY ALTIN FONU
DBB,DENİZ PORTFÖY YÖNETİMİ A.Ş,AKTİF,Borçlanma Araçları Fonu,0.115824,3251433439,376595069.13,2077,DENİZ PORTFÖY BORÇLANMA ARAÇLARI FONU
DBH,DENİZ PORTFÖY YÖNETİMİ A.Ş,AKTİF,Borçlanma Araçları Fonu,0.387141,2501777700,968539548.32,8601,DENİZ PORTFÖY EUROBOND (DÖVİZ) BORÇLANMA ARAÇLARI FONU
DBK,DENİZ PORTFÖY YÖNETİMİ A.Ş,AKTİF,Borçlanma Araçları Fonu,0.124285,10305555106,1280823642.89,85251,DENİZ PORTFÖY KISA VADELİ BORÇLANMA ARAÇLARI (TL) FONU
DBP,DENİZ PORTFÖY YÖNETİMİ A.Ş,AKTİF,Değişken Fon,0.501807,322910300,162038599.5,1053,DENİZ PORTFÖY BİRİNCİ DEĞİŞKEN FON
DBZ,DENİZ PORTFÖY YÖNETİMİ A.Ş,AKTİF,Borçlanma Araçları Fonu,0.144451,4691378700,677672198.17,2810,DENİZ PORTFÖY ÖZEL SEKTÖR BORÇLANMA ARAÇLARI FONU
DCB,DENİZ PORTFÖY YÖNETİMİ A.Ş,AKTİF,Serbest Fon,4.901948,27448744640,134552323263.37,22026,DENİZ PORTFÖY PARA PİYASASI SERBEST (TL) FON
DDA,DENİZ PORTFÖY YÖNETİMİ A.Ş,AKTİF,Serbest Fon,11.777272,25052107,295045467.23,1028,DENİZ PORTFÖY BANKACILIK SEKTÖRÜ HİSSE SENEDİ SERBEST FON (HİSSE SENEDİ YOĞUN FON)
DDF,DENİZ PORTFÖY YÖNETİMİ A.Ş,AKTİF,Serbest Fon,11.764376,7419813,87289466.63,535,DENİZ PORTFÖY DİNAMO HİSSE SENEDİ SERBEST (TL) FON (HİSSE SENEDİ YOĞUN FON)
DEF,ALLBATROSS PORTFÖY YÖNETİMİ ANONİM ŞİRKETİ,AKTİF,Serbest Fon,2.688637,25873529,69564516.19,88,ALLBATROSS PORTFÖY DEFNE SERBEST FON
DEH,DESTEK PORTFÖY YÖNETİMİ A.Ş.,AKTİF,Hisse Senedi Fonu,0.932447,23370230,21791508.38,219,DESTEK PORTFÖY HİSSE SENEDİ FONU (HİSSE SENEDİ YOĞUN FON)
DFC,DENİZ PORTFÖY YÖNETİMİ A.Ş,AKTİF,Değişken Fon,3.196315,34791080,111203257.46,1512,DENİZ PORTFÖY TARIM VE GIDA DEĞİŞKEN FON
DFD,DENİZ PORTFÖY YÖNETİMİ A.Ş,AKTİF,Serbest Fon,2.764813,52753561,145853739.92,448,DENİZ PORTFÖY EMTİA SERBEST FON
DGH,ATA PORTFÖY YÖNETİMİ A.Ş.,AKTİF,Serbest Fon,11.098559,257468349,2857527580.58,254,ATA PORTFÖY PARA PİYASASI SERBEST (TL) FON
DHJ,DENİZ PORTFÖY YÖNETİMİ A.Ş,AKTİF,Hisse Senedi Fonu,6.320707,29188728,184493397.78,2890,DENİZ PORTFÖY TEKNOLOJİ ŞİRKETLERİ HİSSE SENEDİ FONU (HİSSE SENEDİ YOĞUN FON)
DHM,DENİZ PORTFÖY YÖNETİMİ A.Ş,AKTİF,Fon Sepeti Fonu,5.21099,4710224,24544930.16,1104,DENİZ PORTFÖY ESG-SÜRDÜRÜLEBİLİRLİK FON SEPETİ FONU
DHT,DENİZ PORTFÖY YÖNETİMİ A.Ş,AKTİF,Değişken Fon,1.123253,59837389,67212517.44,756,DENİZ PORTFÖY HAVACILIK VE SAVUNMA TEKNOLOJİLERİ DEĞİŞKEN FON
DHV,DENİZ PORTFÖY YÖNETİMİ A.Ş,AKTİF,Serbest Fon,1.965529,159439968,313383882.91,644,DENİZ PORTFÖY BİRİNCİ HİSSE SENEDİ SERBEST (TL) FON (HİSSE SENEDİ YOĞUN FON)
DID,DENİZ PORTFÖY YÖNETİMİ A.Ş,AKTİF,Değişken Fon,1.456332,18895525,27518158.56,155,DENİZ PORTFÖY İKİNCİ DEĞİŞKEN FON
DIP,DENİZ PORTFÖY YÖNETİMİ A.Ş,AKTİF,Serbest Fon,1.624199,33264820093,54028691923.35,2033,DENİZ PORTFÖY İKİNCİ PARA PİYASASI SERBEST (TL) FON
DKC,DENİZ PORTFÖY YÖNETİMİ A.Ş,AKTİF,Serbest Fon,0.612418,17680548,10827886.64,26,DENİZ PORTFÖY İKİNCİ SERBEST FON
DKH,DENİZ PORTFÖY YÖNETİMİ A.Ş,AKTİF,Hisse Senedi Fonu,3.547573,24386096,86511455.2,1389,DENİZ PORTFÖY KATILIM HİSSE SENEDİ (TL) FONU (HİSSE SENEDİ YOĞUN FON)
DKL,DENİZ PORTFÖY YÖNETİMİ A.Ş,AKTİF,Serbest Fon,51.475845,7886921,405985919.66,105,DENİZ PORTFÖY BİRİNCİ KATILIM SERBEST (DÖVİZ) FON
DKR,DENİZ PORTFÖY YÖNETİMİ A.Ş,AKTİF,Serbest Fon,0.790379,168100265,132862945.61,1245,DENİZ PORTFÖY ONDÖRDÜNCÜ SERBEST FON
DL2,DENİZ PORTFÖY YÖNETİMİ A.Ş,AKTİF,Para Piyasası Fonu,2.545491,2970782138,7562099060,650,DENİZ PORTFÖY İKİNCİ PARA PİYASASI (TL) FONU
DLD,DENİZ PORTFÖY YÖNETİMİ A.Ş,AKTİF,Hisse Senedi Fonu,7.280512,8296080,60399706.73,578,DENİZ PORTFÖY SÜRDÜRÜLEBİLİRLİK HİSSE SENEDİ FONU (HİSSE SENEDİ YOĞUN FON)
DLY,DENİZ PORTFÖY YÖNETİMİ A.Ş,AKTİF,Para Piyasası Fonu,6.238284,10130341791,63195946755.59,309442,DENİZ PORTFÖY PARA PİYASASI (TL) FONU
DLZ,DENİZ PORTFÖY YÖNETİMİ A.Ş,AKTİF,Serbest Fon,0.513634,54444277,27964430.25,46,DENİZ PORTFÖY ALİZE HİSSE SENEDİ SERBEST (TL) FON (HİSSE SENEDİ YOĞUN FON)
DMG,DENİZ PORTFÖY YÖNETİMİ A.Ş,AKTİF,Fon Sepeti Fonu,6.855926,432703943,2966586295.89,15046,DENİZ PORTFÖY GÜMÜŞ FON SEPETİ FONU
DNH,DENİZ PORTFÖY YÖNETİMİ A.Ş,AKTİF,Serbest Fon,1.06991,14809264,15844573.8,59,DENİZ PORTFÖY İNŞAAT SEKTÖRÜ HİSSE SENEDİ SERBEST (TL) FON (HİSSE SENEDİ YOĞUN FON)
DNK,TACİRLER PORTFÖY YÖNETİMİ A.Ş.,AKTİF,Serbest Fon,1.590212,378647601,602130003.1,127,TACİRLER PORTFÖY DENGE KATILIM SERBEST FON
DNM,QNB PORTFÖY YÖNETİMİ A.Ş.,AKTİF,Serbest Fon,52.953183,27787327,1471427419.65,1043,QNB PORTFÖY DİNAMİK DAĞILIMLI SERBEST (DÖVİZ) FON
DNP,DENİZ PORTFÖY YÖNETİMİ A.Ş,AKTİF,Serbest Fon,1.47589,1135462298,1675816922.61,370,DENİZ PORTFÖY PARA PİYASASI KATILIM SERBEST (TL) FON
DOL,AKTİF PORTFÖY YÖNETİMİ A.Ş.,AKTİF,Serbest Fon,53.678954,104798018,5625448017.19,379,AKTİF PORTFÖY ÜÇÜNCÜ AKTİF SERBEST (DÖVİZ) FON
DOV,DENİZ PORTFÖY YÖNETİMİ A.Ş,AKTİF,Serbest Fon,61.353196,1193971575,73253971716.47,17154,DENİZ PORTFÖY ONÜÇÜNCÜ SERBEST (DÖVİZ-AVRO) FON
DPB,DENİZ PORTFÖY YÖNETİMİ A.Ş,AKTİF,Serbest Fon,24.661008,375687312,9264827642.85,3042,DENİZ PORTFÖY SERBEST (DÖVİZ) FON
DPI,DENİZ PORTFÖY YÖNETİMİ A.Ş,AKTİF,Serbest Fon,9.077448,36757287,333662377.57,146,DENİZ PORTFÖY İSTATİSTİKSEL ARBİTRAJ HİSSE SENEDİ SERBEST FON (HİSSE SENEDİ YOĞUN FON)
DPK,DENİZ PORTFÖY YÖNETİMİ A.Ş,AKTİF,Katılım Fonu,8.859926,105432752,934126357.49,1378,DENİZ PORTFÖY KİRA SERTİFİKALARI KATILIM (TL) FONU
DPT,DENİZ PORTFÖY YÖNETİMİ A.Ş,AKTİF,Hisse Senedi Fonu,17.539958,17780483,311868918.13,5053,DENİZ PORTFÖY BİST TEMETTÜ 25 ENDEKSİ HİSSE SENEDİ FONU ( HİSSE SENEDİ YOĞUN FON )
DRA,NEO PORTFÖY YÖNETİMİ A.Ş.,AKTİF,Serbest Fon,1.109701,32635983,36216180.41,40,NEO PORTFÖY DORA SERBEST FON
DRT,DENİZ PORTFÖY YÖNETİMİ A.Ş,AKTİF,Değişken Fon,1.190553,23230269,27656873.85,501,DENİZ PORTFÖY ROBOTİK TEKNOLOJİLERİ DEĞİŞKEN FON
DSD,DENİZ PORTFÖY YÖNETİMİ A.Ş,AKTİF,Serbest Fon,72.215981,53286035,3848103291.94,1390,DENİZ PORTFÖY İKİNCİ SERBEST (DÖVİZ_AVRO) FON
DSP,DENİZ PORTFÖY YÖNETİMİ A.Ş,AKTİF,Fon Sepeti Fonu,14.738234,9771551,144015407.26,1217,DENİZ PORTFÖY DENGELİ FON SEPETİ FONU
DTH,EMAA BLUE PORTFÖY YÖNETİMİ ANONİM ŞİRKETİ,AKTİF,Hisse Senedi Fonu,1.229027,158603739,194928312.52,208,EMAA BLUE PORTFÖY DÖNÜŞÜM TEKNOLOJİLERİ HİSSE SENEDİ (TL) FONU (HİSSE SENEDİ YOĞUN FON)
DTL,DENİZ PORTFÖY YÖNETİMİ A.Ş,AKTİF,Hisse Senedi Fonu,3.749595,37985001,142428374.61,3045,DENİZ PORTFÖY BIST 100 DIŞI ŞİRKETLER HİSSE SENEDİ (TL) FONU (HİSSE SENEDİ YOĞUN FON)
DTM,DENİZ PORTFÖY YÖNETİMİ A.Ş,AKTİF,Değişken Fon,1.43896,41706835,60014482.34,2694,DENİZ PORTFÖY TEMETTÜ ÖDEYEN ŞİRKETLER DEĞİŞKEN FON
DTZ,AK PORTFÖY YÖNETİMİ A.Ş.,AKTİF,Değişken Fon,5.22639,110696910,578545214.03,8290,AK PORTFÖY ROBOTİK TEKNOLOJİLER DEĞİŞKEN FON
DUD,DENİZ PORTFÖY YÖNETİMİ A.Ş,AKTİF,Serbest Fon,52.021608,7898808,410908696,260,DENİZ PORTFÖY UZUN VADELİ SERBEST (DÖVİZ) FON
DUV,DENİZ PORTFÖY YÖNETİMİ A.Ş,AKTİF,Borçlanma Araçları Fonu,1.329833,43304430,57587648.72,213,DENİZ PORTFÖY UZUN VADELİ BORÇLANMA ARAÇLARI FONU
DVS,DENİZ PORTFÖY YÖNETİMİ A.Ş,AKTİF,Serbest Fon,1.614314,2729501563,4406271849.39,365,DENİZ PORTFÖY KISA VADELİ SERBEST (TL) FON
DVT,DENİZ PORTFÖY YÖNETİMİ A.Ş,AKTİF,Değişken Fon,9.891435,89661587,886881777.07,10944,DENİZ PORTFÖY METAVERSE VE DİJİTAL YAŞAM TEKNOLOJİLERİ DEĞİŞKEN FON
DXP,DENİZ PORTFÖY YÖNETİMİ A.Ş,AKTİF,Hisse Senedi Fonu,1.758558,24392294,42895260.99,1022,DENİZ PORTFÖY İHRACATÇI ŞİRKETLER HİSSE SENEDİ FONU (HİSSE SENEDİ YOĞUN FON)
DYN,DENİZ PORTFÖY YÖNETİMİ A.Ş,AKTİF,Değişken Fon,4.419377,12776731,56465188.13,1594,DENİZ PORTFÖY ELEKTRİKLİ VE OTONOM ARAÇ TEKNOLOJİLERİ DEĞİŞKEN FON
DZE,DENİZ PORTFÖY YÖNETİMİ A.Ş,AKTİF,Hisse Senedi Fonu,0.934586,195099300,182337043.97,2886,DENİZ PORTFÖY BIST 100 ENDEKSİ HİSSE SENEDİ FONU(HİSSE SENEDİ YOĞUN FON)
DZM,DENİZ PORTFÖY YÖNETİMİ A.Ş,AKTİF,Serbest Fon,87.58412,124347110,10890832175.32,4036,DENİZ PORTFÖY BEŞİNCİ SERBEST (DÖVİZ) FON
EBD,GLOBAL MD PORTFÖY YÖNETİMİ A.Ş.,AKTİF,Değişken Fon,0.265014,297815001,78925013.71,560,GLOBAL MD PORTFÖY İKİNCİ DEĞİŞKEN FON
EBI,EMAA BLUE PORTFÖY YÖNETİMİ ANONİM ŞİRKETİ,AKTİF,Serbest Fon,57.033624,14178304,808640057.65,25,EMAA BLUE PORTFÖY İKİNCİ SERBEST (DÖVİZ-AVRO) FON
EBS,EMAA BLUE PORTFÖY YÖNETİMİ ANONİM ŞİRKETİ,AKTİF,Serbest Fon,49.762426,93596380,4657582915.22,34,EMAA BLUE PORTFÖY BİRİNCİ SERBEST (DÖVİZ-ABD DOLARI) FON
EC2,GLOBAL MD PORTFÖY YÖNETİMİ A.Ş.,AKTİF,Hisse Senedi Fonu,80.870366,730281,59058075.5,1843,GLOBAL MD PORTFÖY BİRİNCİ HİSSE SENEDİ FONU(HİSSE SENEDİ YOĞUN FON)
ECA,GLOBAL MD PORTFÖY YÖNETİMİ A.Ş.,AKTİF,Değişken Fon,1.980653,217921604,431627072.22,1201,GLOBAL MD PORTFÖY BİRİNCİ DEĞİŞKEN FON
EDN,EMAA BLUE PORTFÖY YÖNETİMİ ANONİM ŞİRKETİ,AKTİF,Değişken Fon,1.047856,268517706,281367847.64,35,EMAA BLUE PORTFÖY DENGELİ DEĞİŞKEN FON
EDP,NEO PORTFÖY YÖNETİMİ A.Ş.,AKTİF,Serbest Fon,1.202814,159183439,191468036.29,84,NEO PORTFÖY KORUNCUK EĞİTİME DESTEK PARA PİYASASI SERBEST FON
EDT,DENİZ PORTFÖY YÖNETİMİ A.Ş,AKTİF,Serbest Fon,2.320919,419574648,973798875.66,602,DENİZ PORTFÖY TED EĞİTİME DESTEK SERBEST FON
EDU,İŞ PORTFÖY YÖNETİMİ A.Ş.,AKTİF,Değişken Fon,3.679544,101194741,372350545.48,693,İŞ PORTFÖY TEV EĞİTİME DESTEK DEĞİŞKEN FON
EGR,EMAA BLUE PORTFÖY YÖNETİMİ ANONİM ŞİRKETİ,AKTİF,Değişken Fon,1.006063,262244207,263834314.4,119,EMAA BLUE PORTFÖY AGRESİF DEĞİŞKEN FON
EIB,ASTRA PORTFÖY YÖNETİMİ A.Ş.,AKTİF,Değişken Fon,0.691062,442358247,305697039.61,486,ASTRA PORTFÖY DEĞİŞKEN FON
EID,ASTRA PORTFÖY YÖNETİMİ A.Ş.,AKTİF,Hisse Senedi Fonu,1.80623,46888813,84691979.07,1793,ASTRA PORTFÖY HİSSE SENEDİ FONU (HİSSE YOĞUN FON)
EIL,ASTRA PORTFÖY YÖNETİMİ A.Ş.,AKTİF,Para Piyasası Fonu,5.431833,178697786,970656458.23,1343,ASTRA PORTFÖY PARA PİYASASI (TL) FONU
EKF,ASTRA PORTFÖY YÖNETİMİ A.Ş.,AKTİF,Katılım Fonu,0.140617,8333838388,1171882227.98,4793,ASTRA PORTFÖY KİRA SERTİFİKASI KATILIM (TL) FONU
ELZ,ASTRA PORTFÖY YÖNETİMİ A.Ş.,AKTİF,Hisse Senedi Fonu,12.829208,17500997,224523929.72,683,ASTRA PORTFÖY KATILIM HİSSE SENEDİ FONU (HİSSE SENEDİ YOĞUN FON)
EML,AK PORTFÖY YÖNETİMİ A.Ş.,AKTİF,Değişken Fon,1.202067,34208089,41120425.8,954,AK PORTFÖY EMLAK SEKTÖRÜ DEĞİŞKEN FON
ENJ,AKTİF PORTFÖY YÖNETİMİ A.Ş.,AKTİF,Hisse Senedi Fonu,1.306626,48756835,63706957.69,650,AKTİF PORTFÖY ENERJİ ŞİRKETLERİ HİSSE SENEDİ (TL) FONU (HİSSE SENEDİ YOĞUN FON)
EP1,EMLAK KATILIM PORTFÖY YÖNETİMİ A.Ş.,AKTİF,Katılım Fonu,1.097633,11807235873,12960008096.66,2147,EMLAK KATILIM PORTFÖY PARA PİYASASI KATILIM (TL) FONU
EPA,EMAA BLUE PORTFÖY YÖNETİMİ ANONİM ŞİRKETİ,AKTİF,Katılım Fonu,1.415314,420701815,595425250.29,165,EMAA BLUE PORTFÖY PARA PİYASASI KATILIM (TL) FONU
EPI,EMAA BLUE PORTFÖY YÖNETİMİ ANONİM ŞİRKETİ,AKTİF,Katılım Fonu,1.050748,252455849,265267509.89,329,EMAA BLUE PORTFÖY İNŞAAT SEKTÖRÜ KATILIM FONU
EPK,EMAA BLUE PORTFÖY YÖNETİMİ ANONİM ŞİRKETİ,AKTİF,Fon Sepeti Fonu,1.357992,169672718,230414199.36,1442,EMAA BLUE PORTFÖY KIYMETLİ MADENLER KATILIM FON SEPETİ FONU
EPP,EMAA BLUE PORTFÖY YÖNETİMİ ANONİM ŞİRKETİ,AKTİF,Serbest Fon,1.523443,1264861639,1926944429.98,57,EMAA BLUE PORTFÖY PARA PİYASASI SERBEST FON
EPT,EMAA BLUE PORTFÖY YÖNETİMİ ANONİM ŞİRKETİ,AKTİF,Para Piyasası Fonu,1.372637,984073466,1350775160,71,EMAA BLUE PORTFÖY PARA PİYASASI (TL) FONU
ESG,AKTİF PORTFÖY YÖNETİMİ A.Ş.,AKTİF,Serbest Fon,4.157519,2695552,11206808.71,78,AKTİF PORTFÖY ESG SÜRDÜRÜLEBİLİRLİK SERBEST FON
ESP,AURA PORTFÖY YÖNETİMİ A.Ş.,AKTİF,Serbest Fon,0.236343,69484224,16422118.02,256,AURA PORTFÖY EMTİA SERBEST FON
ETN,EMAA BLUE PORTFÖY YÖNETİMİ ANONİM ŞİRKETİ,AKTİF,Değişken Fon,1.026522,220135325,225973845.68,20,EMAA BLUE PORTFÖY TEMKİNLİ DEĞİŞKEN FON
EUN,GARANTİ PORTFÖY YÖNETİMİ A.Ş.,AKTİF,Serbest Fon,63.906618,93200671,5956139652.56,3477,GARANTİ PORTFÖY İKİNCİ SERBEST (DÖVİZ-AVRO) FON
EUZ,GARANTİ PORTFÖY YÖNETİMİ A.Ş.,AKTİF,Serbest Fon,63.561414,2314220029,147095098080.22,38687,GARANTİ PORTFÖY SERBEST (DÖVİZ-AVRO) FON
EVL,EMAA BLUE PORTFÖY YÖNETİMİ ANONİM ŞİRKETİ,AKTİF,Katılım Fonu,0,0,0,0,EMAA BLUE PORTFÖY ÇOKLU VARLIK KATILIM FONU
EVM,DENİZ PORTFÖY YÖNETİMİ A.Ş,AKTİF,Değişken Fon,1.144667,52561976,60165972.54,651,DENİZ PORTFÖY ENERJİ VE MADENCİLİK SEKTÖRÜ DEĞİŞKEN FON
EYT,AKTİF PORTFÖY YÖNETİMİ A.Ş.,AKTİF,Fon Sepeti Fonu,3.01304,13640039,41097987.03,469,AKTİF PORTFÖY İKİNCİ FON SEPETİ FONU
FAK,FONMAP PORTFÖY YÖNETİMİ ANONİM ŞİRKETİ,AKTİF,Katılım Fonu,1.28276,15550285,19947281.35,352,FONMAP PORTFÖY ALTIN KATILIM FONU
FAL,ONE PORTFÖY YÖNETİMİ A.Ş.,AKTİF,Altın Ve Diğer Kıymetli Madenler Fonu,1.240784,260062461,322681254.4,589,ONE PORTFÖY ALTIN FONU
FBC,ONE PORTFÖY YÖNETİMİ A.Ş.,AKTİF,Katılım Fonu,1.831093,96206229,176162566.17,5658,ONE PORTFÖY KAR PAYI ÖDEYEN KATILIM FONU
FBI,FİBA PORTFÖY YÖNETİMİ A.Ş.,AKTİF,Serbest Fon,53.94695,317956390,17152777318.65,4967,FİBA PORTFÖY BİRİNCİ SERBEST (DÖVİZ) FON
FBV,İŞ PORTFÖY YÖNETİMİ A.Ş.,AKTİF,Serbest Fon,7.549895,82241470,620914441.59,1866,İŞ PORTFÖY MODEL SERBEST FON
FBZ,FİBA PORTFÖY YÖNETİMİ A.Ş.,AKTİF,Serbest Fon,4.730819,62444703,295414583.49,394,FİBA PORTFÖY TEKNOLOJİ SERBEST FON
FCK,ONE PORTFÖY YÖNETİMİ A.Ş.,AKTİF,Katılım Fonu,1.75156,241831948,423583255.37,532,ONE PORTFÖY ÇOKLU VARLIK KATILIM FONU
FD1,ONE PORTFÖY YÖNETİMİ A.Ş.,AKTİF,Değişken Fon,2.002623,8945598,17914656.55,137,ONE PORTFÖY BİRİNCİ DEĞİŞKEN FON
FDG,FONMAP PORTFÖY YÖNETİMİ ANONİM ŞİRKETİ,AKTİF,Değişken Fon,2.6652,17594923,46893984.56,703,FONMAP PORTFÖY BİRİNCİ DEĞİŞKEN FON
FDV,AZİMUT PORTFÖY YÖNETİMİ A.Ş.,AKTİF,Serbest Fon,5.928177,245000000,1452403320.44,1,AZİMUT PORTFÖY DMR SERBEST FON
FFH,QNB PORTFÖY YÖNETİMİ A.Ş.,AKTİF,Katılım Fonu,8.779478,198519883,1742900891.48,2241,QNB PORTFÖY ÇOKLU VARLIK KATILIM FONU
FFP,QNB PORTFÖY YÖNETİMİ A.Ş.,AKTİF,Fon Sepeti Fonu,7.732235,253410939,1959432808.74,2384,QNB PORTFÖY FON SEPETİ FONU
FI3,QNB PORTFÖY YÖNETİMİ A.Ş.,AKTİF,Borçlanma Araçları Fonu,812.057685,2369340,1924040606.34,9785,QNB PORTFÖY BORÇLANMA ARAÇLARI FONU
FIB,FİBA PORTFÖY YÖNETİMİ A.Ş.,AKTİF,Altın Fonu,0.504117,9830035575,4955492785.6,12331,FİBA PORTFÖY ALTIN FONU
FID,FİBA PORTFÖY YÖNETİMİ A.Ş.,AKTİF,Değişken Fon,1.00727,830278230,836314329.18,1696,FİBA PORTFÖY ÇOKLU VARLIK İKİNCİ DEĞİŞKEN FON
FIL,FİBA PORTFÖY YÖNETİMİ A.Ş.,AKTİF,Para Piyasası Fonu,0.381891,45708265221,17455566671.3,21382,FİBA PORTFÖY PARA PİYASASI (TL) FONU
FIT,FİBA PORTFÖY YÖNETİMİ A.Ş.,AKTİF,Borçlanma Araçları Fonu,0.235068,1185928470,278773510.55,650,FİBA PORTFÖY BORÇLANMA ARAÇLARI (TL) FONU
FJB,FİBA PORTFÖY YÖNETİMİ A.Ş.,AKTİF,Serbest Fon,7.290529,52605605,383522663.86,722,FİBA PORTFÖY BLOK ZİNCİRİ TEKNOLOJİLERİ SERBEST FON
FJZ,FİBA PORTFÖY YÖNETİMİ A.Ş.,AKTİF,Serbest Fon,66.195215,22414075,1483704509.97,784,FİBA PORTFÖY FIRTINA SERBEST (DÖVİZ) FON
FKE,QNB PORTFÖY YÖNETİMİ A.Ş.,AKTİF,Serbest Fon,60.067772,815740905,48999738685.13,12169,QNB PORTFÖY KRİSTAL SERBEST (DÖVİZ-AVRO) FON
FLS,YAPI KREDİ PORTFÖY YÖNETİMİ A.Ş.,AKTİF,Serbest Fon,62.2647,67535913,4205103367.82,2334,YAPI KREDİ PORTFÖY FLORYA SERBEST (DÖVİZ-AVRO) FON
FLY,AKTİF PORTFÖY YÖNETİMİ A.Ş.,AKTİF,Değişken Fon,1.547702,61715766,95517597.07,2159,AKTİF PORTFÖY HAVACILIK VE SAVUNMA TEKNOLOJİLERİ DEĞİŞKEN FON
FMG,QNB PORTFÖY YÖNETİMİ A.Ş.,AKTİF,Serbest Fon,3.420482,3617072728,12372133329.23,9992,QNB PORTFÖY GÜMÜŞ SERBEST FON
FMV,DENİZ PORTFÖY YÖNETİMİ A.Ş,AKTİF,Serbest Fon,1.45841,114922583,167604194.03,32,DENİZ PORTFÖY FMV IŞIK ÜNİVERSİTESİ EĞİTİME DESTEK SERBEST FON
FNO,QNB PORTFÖY YÖNETİMİ A.Ş.,AKTİF,Değişken Fon,0.204399,52252090838,10680267116.91,6500,QNB PORTFÖY BİRİNCİ DEĞİŞKEN FON
FP4,ONE PORTFÖY YÖNETİMİ A.Ş.,AKTİF,Serbest Fon,0.528817,165669616,87608979.33,121,ONE PORTFÖY DÖRDÜNCÜ HİSSE SENEDİ SERBEST FON (HİSSE SENEDİ YOĞUN FON)
FPE,FİBA PORTFÖY YÖNETİMİ A.Ş.,AKTİF,Borçlanma Araçları Fonu,76.495796,4403047,336814586.84,1412,FİBA PORTFÖY EUROBOND BORÇLANMA ARAÇLARI (DÖVİZ) FONU
FPG,FİBA PORTFÖY YÖNETİMİ A.Ş.,AKTİF,Serbest Fon,2.234649,367581766,821416259.12,1993,FİBA PORTFÖY GÜMÜŞ SERBEST FON
FPH,FİBA PORTFÖY YÖNETİMİ A.Ş.,AKTİF,Hisse Senedi Fonu,33.137688,36447445,1207784071.78,4496,FİBA PORTFÖY HİSSE SENEDİ (TL) FONU (HİSSE SENEDİ YOĞUN FON)
FPI,FONMAP PORTFÖY YÖNETİMİ ANONİM ŞİRKETİ,AKTİF,Para Piyasası Fonu,2.716372,26808790,72822647.74,203,FONMAP PORTFÖY BİRİNCİ PARA PİYASASI (TL) FONU
FPK,FİBA PORTFÖY YÖNETİMİ A.Ş.,AKTİF,Borçlanma Araçları Fonu,0.100631,2748141228,276549133.9,1202,FİBA PORTFÖY KISA VADELİ BORÇLANMA ARAÇLARI (TL) FONU
FPR,STRATEJİ PORTFÖY YÖNETİMİ A.Ş.,AKTİF,Serbest Fon,10.336988,16279454,168280515.06,33,STRATEJİ PORTFÖY FOREST HİSSE SENEDİ SERBEST FON (HİSSE SENEDİ YOĞUN FON)
FPZ,QNB PORTFÖY YÖNETİMİ A.Ş.,AKTİF,Serbest Fon,70.331181,1940857862,136502824799.33,19510,QNB PORTFÖY BİRİNCİ SERBEST (DÖVİZ) FON
FRA,AZİMUT PORTFÖY YÖNETİMİ A.Ş.,AKTİF,Serbest Fon,31.37595,16346222,512878241.12,2,AZİMUT PORTFÖY MAB SERBEST FON
FRC,FONMAP PORTFÖY YÖNETİMİ ANONİM ŞİRKETİ,AKTİF,Serbest Fon,1.355693,42456907,57558533.14,191,FONMAP PORTFÖY BİRİNCİ HİSSE SENEDİ SERBEST FON (HİSSE SENEDİ YOĞUN FON)
FS5,ONE PORTFÖY YÖNETİMİ A.Ş.,AKTİF,Serbest Fon,2.171063,23662096,51371893.87,86,ONE PORTFÖY BİRİNCİ İSTATİSTİKSEL ARBİTRAJ HİSSE SENEDİ SERBEST FON (HİSSE SENEDİ YOĞUN FON)
FS6,ONE PORTFÖY YÖNETİMİ A.Ş.,AKTİF,Serbest Fon,1.944936,152234937,296087159.95,396,ONE PORTFÖY İKİNCİ İSTATİSTİKSEL ARBİTRAJ SERBEST FON
FSF,FİBA PORTFÖY YÖNETİMİ A.Ş.,AKTİF,Serbest Fon,7.112065,2235145197,15896498847.95,8017,FİBA PORTFÖY PARA PİYASASI SERBEST (TL) FON
FSG,FİBA PORTFÖY YÖNETİMİ A.Ş.,AKTİF,Serbest Fon,3.574909,173807582,621346269.92,717,FİBA PORTFÖY BİRİNCİ HİSSE SENEDİ SERBEST FON (HİSSE SENEDİ YOĞUN FON)
FSH,FİBA PORTFÖY YÖNETİMİ A.Ş.,AKTİF,Serbest Fon,4.818805,76602718,369133538.99,520,FİBA PORTFÖY FON SEPETİ SERBEST FON
FSK,QNB PORTFÖY YÖNETİMİ A.Ş.,AKTİF,Para Piyasası Fonu,6.281666,907763193,5702264740.52,2698,QNB PORTFÖY İKİNCİ PARA PİYASASI (TL) FONU
FSP,FONMAP PORTFÖY YÖNETİMİ ANONİM ŞİRKETİ,AKTİF,Serbest Fon,16.541298,6558,108477.83,20,FONMAP PORTFÖY SERBEST (DÖVİZ) FON
FSR,FİBA PORTFÖY YÖNETİMİ A.Ş.,AKTİF,Serbest Fon,48.195372,118193171,5696363798.67,2479,FİBA PORTFÖY İKİNCİ SERBEST (DÖVİZ-AVRO) FON
FTL,ONE PORTFÖY YÖNETİMİ A.Ş.,AKTİF,Katılım Fonu,1.57392,127921951,201338869.4,649,ONE PORTFÖY PARA PİYASASI KATILIM FONU
FUA,AK PORTFÖY YÖNETİMİ A.Ş.,AKTİF,Hisse Senedi Fonu,4.955296,59482617,294753977.67,4709,AK PORTFÖY İHRACATÇI ŞİRKETLER HİSSE SENEDİ (TL) FONU (HİSSE SENEDİ YOĞUN FON)
FUB,QNB PORTFÖY YÖNETİMİ A.Ş.,AKTİF,Borçlanma Araçları Fonu,0.752052,1228321834,923762448.55,2155,QNB PORTFÖY EUROBOND (DÖVİZ) BORÇLANMA ARAÇLARI FONU
FYD,QNB PORTFÖY YÖNETİMİ A.Ş.,AKTİF,Hisse Senedi Fonu,10.901353,274466229,2992053368.78,5189,QNB PORTFÖY BİRİNCİ HİSSE SENEDİ FONU (HİSSE SENEDİ YOĞUN FON)
FYI,AZİMUT PORTFÖY YÖNETİMİ A.Ş.,AKTİF,Serbest Fon,11.114182,7915454,87973794.57,324,AZİMUT PORTFÖY 4.0 SERBEST FON
FYO,QNB PORTFÖY YÖNETİMİ A.Ş.,AKTİF,Borçlanma Araçları Fonu,1.219874,1675297111,2043650931.81,1552,QNB PORTFÖY ÖZEL SEKTÖR BORÇLANMA ARAÇLARI FONU
FZJ,FİBA PORTFÖY YÖNETİMİ A.Ş.,AKTİF,Fon Sepeti Fonu,5.708511,202060108,1153462294.23,2119,FİBA PORTFÖY BİRİNCİ FON SEPETİ FONU
FZP,FİBA PORTFÖY YÖNETİMİ A.Ş.,AKTİF,Serbest Fon,6.710448,120070549,805727185.6,542,FİBA PORTFÖY SERBEST FON
GA1,GARANTİ PORTFÖY YÖNETİMİ A.Ş.,AKTİF,Borçlanma Araçları Fonu,2.040489,188609416,384855364.66,1636,GARANTİ PORTFÖY BORÇLANMA ARAÇLARI FONU
GAE,GARANTİ PORTFÖY YÖNETİMİ A.Ş.,AKTİF,Hisse Senedi Fonu,0.441378,3417444194,1508383573.49,15737,GARANTİ PORTFÖY BİST30 ENDEKSİ HİSSE SENEDİ (TL) FONU (HİSSE SENEDİ YOĞUN FON)
GAF,INVEO PORTFÖY YÖNETİMİ A.Ş.,AKTİF,Hisse Senedi Fonu,1.536474,124462456,191233307.82,1493,INVEO PORTFÖY BİRİNCİ HİSSE SENEDİ FONU (HİSSE SENEDİ YOĞUN FON)
GAG,INVEO PORTFÖY YÖNETİMİ A.Ş.,AKTİF,Serbest Fon,18.44481,45437738,838090465.39,231,INVEO PORTFÖY BİRİNCİ SERBEST (DÖVIZ)  FON
GAH,GARANTİ PORTFÖY YÖNETİMİ A.Ş.,AKTİF,Değişken Fon,12.727783,27781683,353599221.42,2679,GARANTİ PORTFÖY MUTLAK GETİRİ HEDEFLİ DEĞİŞKEN FON
GAS,GARANTİ PORTFÖY YÖNETİMİ A.Ş.,AKTİF,Serbest Fon,0.322579,10316592640,3327917273.01,2263,GARANTİ PORTFÖY ÜÇÜNCÜ SERBEST(DÖVİZ) FON
GBC,AZİMUT PORTFÖY YÖNETİMİ A.Ş.,AKTİF,Hisse Senedi Fonu,0.309939,842144628,261013787.53,1662,AZİMUT PORTFÖY YABANCI HİSSE SENEDİ FONU
GBG,INVEO PORTFÖY YÖNETİMİ A.Ş.,AKTİF,Hisse Senedi Fonu,0.592604,353690905,209598482.56,4200,INVEO PORTFÖY G-20 ÜLKELERİ YABANCI HİSSE SENEDİ FONU
GBH,GARANTİ PORTFÖY YÖNETİMİ A.Ş.,AKTİF,Serbest Fon,3.837258,510236765,1957910291.15,2807,GARANTİ PORTFÖY BİRİNCİ HİSSE SENEDİ SERBEST FON (HİSSE SENEDİ YOĞUN FON)
GBJ,GARANTİ PORTFÖY YÖNETİMİ A.Ş.,AKTİF,Serbest Fon,1.351553,561753651,759239720.07,1832,GARANTİ PORTFÖY BANKACILIK SEKTÖRÜ HİSSE SENEDİ SERBEST FON (HİSSE SENEDİ YOĞUN FON)
GBL,AZİMUT PORTFÖY YÖNETİMİ A.Ş.,AKTİF,Borçlanma Araçları Fonu,0.892171,4929144071,4397638566.57,1705,AZİMUT PYŞ KISA VADELİ BORÇLANMA ARAÇLARI FONU
GBN,GARANTİ PORTFÖY YÖNETİMİ A.Ş.,AKTİF,Serbest Fon,7.052965,901487516,6358159656.38,385,GARANTİ PORTFÖY BEŞİNCİ (TL) SERBEST FON
GBV,GARANTİ PORTFÖY YÖNETİMİ A.Ş.,AKTİF,Değişken Fon,13.117823,163367860,2143030741.19,21743,GARANTİ PORTFÖY BLOCKCHAİN TEKNOLOJİLERİ DEĞİŞKEN FON
GBZ,AZİMUT PORTFÖY YÖNETİMİ A.Ş.,AKTİF,Fon Sepeti Fonu,3.596273,325183733,1169449565.02,3232,AZİMUT PORTFÖY EMTİA FON SEPETİ FONU
GGK,INVEO PORTFÖY YÖNETİMİ A.Ş.,AKTİF,Altın Fonu,13.902495,176706763,2456664928.55,11641,INVEO PORTFÖY ALTIN FON
GHS,GARANTİ PORTFÖY YÖNETİMİ A.Ş.,AKTİF,Hisse Senedi Fonu,36.811345,67992965,2502912507.48,15295,GARANTİ PORTFÖY HİSSE SENEDİ (TL) FONU (HİSSE SENEDİ YOĞUN FON)
GID,GARANTİ PORTFÖY YÖNETİMİ A.Ş.,AKTİF,Değişken Fon,1.523936,21892411,33362630.9,1896,GARANTİ PORTFÖY İNŞAAT SEKTÖRÜ HİSSE SENEDİ FONU (HİSSE SENEDİ YOĞUN FON)
GIE,GARANTİ PORTFÖY YÖNETİMİ A.Ş.,AKTİF,Hisse Senedi Fonu,3.489573,21230967,74087003.84,4618,GARANTİ PORTFÖY GARANTİ BBVA İKLİM ENDEKSİ HİSSE SENEDİ (TL) FONU (HİSSE SENEDİ YOĞUN FON)
GIH,ALLBATROSS PORTFÖY YÖNETİMİ ANONİM ŞİRKETİ,AKTİF,Hisse Senedi Fonu,2.036988,3132066,6379982.19,601,ALLBATROSS PORTFÖY GIDA VE İÇECEK SEKTÖRÜ HİSSE SENEDİ FONU (HİSSE SENEDİ YOĞUN FON)
GJB,INVEO PORTFÖY YÖNETİMİ A.Ş.,AKTİF,Fon Sepeti Fonu,10.182308,6929965,70563035.03,929,INVEO PORTFÖY BİRİNCİ FON SEPETİ FONU
GKF,GLOBAL MD PORTFÖY YÖNETİMİ A.Ş.,AKTİF,Katılım Fonu,4.180176,9327584,38990946.19,672,GLOBAL MD PORTFÖY KATILIM FONU
GKG,GARANTİ PORTFÖY YÖNETİMİ A.Ş.,AKTİF,Hisse Senedi Fonu,1.362737,33471788,45613232.81,1897,GARANTİ PORTFÖY KAR PAYI ÖDEYEN HİSSE SENEDİ (TL) FONU (HİSSE SENEDİ YOĞUN FON)
GKH,GARANTİ PORTFÖY YÖNETİMİ A.Ş.,AKTİF,Serbest Fon,4.606475,915521653,4217327266.41,1873,GARANTİ PORTFÖY PARA PİYASASI KATILIM SERBEST (TL) FON
GKV,GARANTİ PORTFÖY YÖNETİMİ A.Ş.,AKTİF,Hisse Senedi Fonu,7.804752,31608612,246697374.85,4388,GARANTİ PORTFÖY KATILIM HİSSE SENEDİ (TL) FONU (HİSSE SENEDİ YOĞUN FON)
GL1,AZİMUT PORTFÖY YÖNETİMİ A.Ş.,AKTİF,Hisse Senedi Fonu,1426.306271,1060036,1511935994.19,985,AZİMUT PYŞ BİRİNCİ HİSSE SENEDİ FONU (HİSSE SENEDİ YOĞUN FON)
GLC,AKTİF PORTFÖY YÖNETİMİ A.Ş.,AKTİF,Fon Sepeti Fonu,4.274676,3868488,16536531.69,68,AKTİF PORTFÖY ÜÇÜNCÜ FON SEPETİ FONU
GLG,AKTİF PORTFÖY YÖNETİMİ A.Ş.,AKTİF,Serbest Fon,7.651555,2751733,21055035.86,305,AKTİF PORTFÖY CAPİTAL HİSSE SENEDİ SERBEST FON (HİSSE SENEDİ YOĞUN FON)
GLS,AZİMUT PORTFÖY YÖNETİMİ A.Ş.,AKTİF,Katılım Fonu,0.17473,6277124346,1096799682.88,1453,AZİMUT PORTFÖY  KİRA SERTİFİKALARI (SUKUK) KATILIM FONU
GMA,AZİMUT PORTFÖY YÖNETİMİ A.Ş.,AKTİF,Değişken Fon,2.173004,1157545768,2515352157.66,1492,AZİMUT PORTFÖY BİRİNCİ DEĞİŞKEN FON
GMC,TEB PORTFÖY YÖNETİMİ A.Ş.,AKTİF,Fon Sepeti Fonu,7.786342,498105484,3878419776.93,20371,TEB PORTFÖY GÜMÜŞ FON SEPETİ FONU
GMD,GLOBAL MD PORTFÖY YÖNETİMİ A.Ş.,AKTİF,Fon Sepeti Fonu,2.723191,5674489,15452719.74,106,GLOBAL MD PORTFÖY BİRİNCİ FON SEPETİ FONU
GMI,AK PORTFÖY YÖNETİMİ A.Ş.,AKTİF,Serbest Fon,1.41339,455979856,644477565.67,5046,AK PORTFÖY GÜMÜŞ SERBEST FON
GMN,GLOBAL MD PORTFÖY YÖNETİMİ A.Ş.,AKTİF,Serbest Fon,1.401046,58266889,81634592.51,28,GLOBAL MD PORTFÖY BİRİNCİ PARA PİYASASI SERBEST (TL) FON
GMR,INVEO PORTFÖY YÖNETİMİ A.Ş.,AKTİF,Hisse Senedi Fonu,1.243057,125407545,155888779.67,4382,INVEO PORTFÖY BIST 30 DIŞI ŞİRKETLER HİSSE SENEDİ FONU (HİSSE SENEDİ YOĞUN FON)
GNH,GLOBAL MD PORTFÖY YÖNETİMİ A.Ş.,AKTİF,Hisse Senedi Fonu,1.321008,4853684,6411756.69,177,GLOBAL MD PORTFÖY ALGORİTMİK MODEL HİSSE SENEDİ FONU (HİSSE SENEDİ YOĞUN FON)
GNS,GARANTİ PORTFÖY YÖNETİMİ A.Ş.,AKTİF,Hisse Senedi Fonu,1.43371,56783099,81410474.21,1484,GARANTİ PORTFÖY ENERJİ ŞİRKETLERİ HİSSE SENEDİ (TL) FONU (HİSSE SENEDİ YOĞUN FON)
GO1,ONE PORTFÖY YÖNETİMİ A.Ş.,AKTİF,Fon Sepeti Fonu,4.782965,16524133,79034354.6,720,ONE PORTFÖY BİRİNCİ FON SEPETİ FONU
GO3,ONE PORTFÖY YÖNETİMİ A.Ş.,AKTİF,Fon Sepeti Fonu,4.743689,6602939,31322287.81,442,ONE PORTFÖY ÜÇÜNCÜ FON SEPETİ FONU
GO4,ONE PORTFÖY YÖNETİMİ A.Ş.,AKTİF,Fon Sepeti Fonu,5.180792,9029006,46777401.72,725,ONE PORTFÖY DÖRDÜNCÜ FON SEPETİ FONU
GO6,ONE PORTFÖY YÖNETİMİ A.Ş.,AKTİF,Para Piyasası Fonu,4.382404,1027745212,4503994333.44,3717,ONE PORTFÖY PARA PİYASASI (TL) FONU
GO9,ONE PORTFÖY YÖNETİMİ A.Ş.,AKTİF,Hisse Senedi Fonu,2.529363,159199685,402673755.27,1641,ONE PORTFÖY BİRİNCİ HİSSE SENEDİ FONU (HİSSE SENEDİ YOĞUN FON)
GOH,GARANTİ PORTFÖY YÖNETİMİ A.Ş.,AKTİF,Hisse Senedi Fonu,14.859453,35583282,528748101.1,8792,GARANTİ PORTFÖY BIST 100 DIŞI ŞİRKETLER HİSSE SENEDİ (TL) FONU (HİSSE SENEDİ YOĞUN FON)
GOL,GARANTİ PORTFÖY YÖNETİMİ A.Ş.,AKTİF,Katılım Fonu,2.810726,1746899521,4910055649.62,11794,GARANTİ PORTFÖY ALTIN KATILIM FONU
GPA,GARANTİ PORTFÖY YÖNETİMİ A.Ş.,AKTİF,Borçlanma Araçları Fonu,23.272996,35559229,827569792.83,5339,GARANTİ PORTFÖY EUROBOND BORÇLANMA ARAÇLARI (DÖVİZ) FONU
GPB,GARANTİ PORTFÖY YÖNETİMİ A.Ş.,AKTİF,Değişken Fon,12.40115,102347767,1269229972.07,9571,GARANTİ PORTFÖY BİRİNCİ DEĞİŞKEN FON
GPC,GARANTİ PORTFÖY YÖNETİMİ A.Ş.,AKTİF,Serbest Fon,72.521061,92627114,6717416561.16,3538,GARANTİ PORTFÖY İKİNCİ SERBEST ( DÖVİZ ) FON
GPF,GARANTİ PORTFÖY YÖNETİMİ A.Ş.,AKTİF,Katılım Fonu,9.05983,64743513,586565232.28,3096,GARANTİ PORTFÖY ÇOKLU VARLIK KATILIM FONU
GPG,INVEO PORTFÖY YÖNETİMİ A.Ş.,AKTİF,Değişken Fon,16.274482,60614209,986464883.03,2827,INVEO PORTFÖY BİRİNCİ DEĞİŞKEN FON
GPI,GARANTİ PORTFÖY YÖNETİMİ A.Ş.,AKTİF,Değişken Fon,18.633451,39226932,730933118.36,2779,GARANTİ PORTFÖY İKİNCİ DEĞİŞKEN FON
GPL,GARANTİ PORTFÖY YÖNETİMİ A.Ş.,AKTİF,Serbest Fon,54.139913,1856314713,100500717818.17,37145,GARANTİ PORTFÖY BİRİNCİ SERBEST (DÖVİZ) FON
GPN,GARANTİ PORTFÖY YÖNETİMİ A.Ş.,AKTİF,Katılım Fonu,1.42958,3715375030,5311425249.96,5102,GARANTİ PORTFÖY PARA PİYASASI KATILIM (TL) FONU
GPT,AKTİF PORTFÖY YÖNETİMİ A.Ş.,AKTİF,Değişken Fon,2.740228,34965063,95812246.65,3051,AKTİF PORTFÖY ROBOTİK TEKNOLOJİLERİ DEĞİŞKEN FON
GPU,GARANTİ PORTFÖY YÖNETİMİ A.Ş.,AKTİF,Değişken Fon,21.013359,16635653,349570942.51,2443,GARANTİ PORTFÖY ÜÇÜNCÜ DEĞİŞKEN FON
GPZ,GARANTİ PORTFÖY YÖNETİMİ A.Ş.,AKTİF,Para Piyasası Fonu,2.018098,3899231058,7869028623.69,276,GARANTİ PORTFÖY ÜÇÜNCÜ PARA PİYASASI FONU
GRL,QNB PORTFÖY YÖNETİMİ A.Ş.,AKTİF,Serbest Fon,1.776678,208963056,371259986.03,284,QNB PORTFÖY AGRESİF SERBEST FON
GRO,GARANTİ PORTFÖY YÖNETİMİ A.Ş.,AKTİF,Serbest Fon,55.18806,3528626273,194738039436.18,27303,GARANTİ PORTFÖY OTUZUNCU SERBEST (DÖVİZ) FON
GRT,GARANTİ PORTFÖY YÖNETİMİ A.Ş.,AKTİF,Hisse Senedi Fonu,1.438834,74974451,107875781.93,1853,GARANTİ PORTFÖY TEKNOLOJİ ŞİRKETLERİ HİSSE SENEDİ (TL) FONU (HİSSE SENEDİ YOĞUN FON)
GSP,AZİMUT PORTFÖY YÖNETİMİ A.Ş.,AKTİF,Hisse Senedi Fonu,0.55136,7491260423,4130382160.1,14238,AZİMUT PYŞ KAR PAYI ÖDEYEN HİSSE SENEDİ FONU (HİSSE SENEDİ YOĞUN FON)
GTA,GARANTİ PORTFÖY YÖNETİMİ A.Ş.,AKTİF,Altın Fonu,1.601042,15170977708,24289371590.11,75141,GARANTİ PORTFÖY ALTIN FONU
GTF,AZİMUT PORTFÖY YÖNETİMİ A.Ş.,AKTİF,Borçlanma Araçları Fonu,15.224596,10287937,156629684.89,500,AZİMUT PYŞ BİRİNCİ BORÇLANMA ARAÇLARI FONU
GTH,GARANTİ PORTFÖY YÖNETİMİ A.Ş.,AKTİF,Hisse Senedi Fonu,1.426438,22831953,32568358.3,797,GARANTİ PORTFÖY İHRACATÇI ŞİRKETLER HİSSE SENEDİ (TL) FONU (HİSSE SENEDİ YOĞUN FON)
GTM,GARANTİ PORTFÖY YÖNETİMİ A.Ş.,AKTİF,Hisse Senedi Fonu,7.59153,131871314,1001105072.64,13428,GARANTİ PORTFÖY TEMETTÜ ÖDEYEN ŞİRKETLER HİSSE SENEDİ (TL) FONU (HİSSE SENEDİ YOĞUN FON)
GTY,GARANTİ PORTFÖY YÖNETİMİ A.Ş.,AKTİF,Serbest Fon,6.377102,62834893,400704544.87,501,GARANTİ PORTFÖY TREND SERBEST FON
GTZ,GARANTİ PORTFÖY YÖNETİMİ A.Ş.,AKTİF,Fon Sepeti Fonu,11.767615,1042115231,12263210837.97,61079,GARANTİ PORTFÖY GÜMÜŞ FON SEPETİ FONU
GUB,GARANTİ PORTFÖY YÖNETİMİ A.Ş.,AKTİF,Borçlanma Araçları Fonu,2.637476,1731018093,4565517899.32,10210,GARANTİ PORTFÖY ÖZEL SEKTÖR BORÇLANMA ARAÇLARI FONU
GUF,İŞ PORTFÖY YÖNETİMİ A.Ş.,AKTİF,Fon Sepeti Fonu,0.907443,688735234,624987705.14,4280,İŞ PORTFÖY GÜMÜŞ FON SEPETİ FONU
GUH,GARANTİ PORTFÖY YÖNETİMİ A.Ş.,AKTİF,Hisse Senedi Fonu,0.455056,10375418310,4721394667.68,38619,GARANTİ PORTFÖY YABANCI TEKNOLOJİ HİSSE SENEDİ FONU
GUK,GARANTİ PORTFÖY YÖNETİMİ A.Ş.,AKTİF,Serbest Fon,1.411062,936928794,1322064727.69,2541,GARANTİ PORTFÖY GÜMÜŞ KATILIM SERBEST FON
GUM,AK PORTFÖY YÖNETİMİ A.Ş.,AKTİF,Fon Sepeti Fonu,12.614234,513680730,6479688962.88,52180,AK PORTFÖY GÜMÜŞ FON SEPETI FONU
GUV,GARANTİ PORTFÖY YÖNETİMİ A.Ş.,AKTİF,Borçlanma Araçları Fonu,1.760875,435391291,766669768.91,1872,GARANTİ PORTFÖY UZUN VADELİ BORÇLANMA ARAÇLARI FONU
GVA,GARANTİ PORTFÖY YÖNETİMİ A.Ş.,AKTİF,Değişken Fon,4.000657,22231704,88941411.28,3358,GARANTİ PORTFÖY ELEKTRİKLİ VE OTONOM ARAÇLAR DEĞİŞKEN FON
GVI,GARANTİ PORTFÖY YÖNETİMİ A.Ş.,AKTİF,Fon Sepeti Fonu,5.503752,192919783,1061782677.65,4541,GARANTİ PORTFÖY ÜÇÜNCÜ FON SEPETİ FONU
GYK,INVEO PORTFÖY YÖNETİMİ A.Ş.,AKTİF,Borçlanma Araçları Fonu,0.117737,1042282852,122714907.96,269,INVEO PORTFÖY BORÇLANMA ARAÇLARI (TL) FONU
GZE,GARANTİ PORTFÖY YÖNETİMİ A.Ş.,AKTİF,Serbest Fon,8.134929,218555276,1777931633,4150,GARANTİ PORTFÖY EMTİA SERBEST FON
GZG,GARANTİ PORTFÖY YÖNETİMİ A.Ş.,AKTİF,Değişken Fon,7.367616,55964439,412324521.94,4497,GARANTİ PORTFÖY SAĞLIK VE GENETİK TEKNOLOJİLERİ DEĞİŞKEN FON
GZH,GARANTİ PORTFÖY YÖNETİMİ A.Ş.,AKTİF,Değişken Fon,4.677008,73818002,345247370.03,5417,GARANTİ PORTFÖY TEMİZ ENERJİ DEĞİŞKEN FON
GZJ,GARANTİ PORTFÖY YÖNETİMİ A.Ş.,AKTİF,Fon Sepeti Fonu,8.640355,195521071,1689371385.43,5165,GARANTİ PORTFÖY İKİNCİ FON SEPETİ FONU
GZL,GARANTİ PORTFÖY YÖNETİMİ A.Ş.,AKTİF,Değişken Fon,5.684129,67517435,383777833.74,6464,GARANTİ PORTFÖY TARIM VE GIDA SEKTÖRÜ DEĞİŞKEN FON
GZM,GLOBAL MD PORTFÖY YÖNETİMİ A.Ş.,AKTİF,Serbest Fon,10.503445,66425272,697694178.89,1060,GLOBAL MD PORTFÖY DURU SERBEST FON
GZN,GLOBAL MD PORTFÖY YÖNETİMİ A.Ş.,AKTİF,Serbest Fon,49.520692,7445472,368704928.65,1016,GLOBAL MD PORTFÖY BOĞAZİÇİ SERBEST FON
GZP,GARANTİ PORTFÖY YÖNETİMİ A.Ş.,AKTİF,Fon Sepeti Fonu,7.740648,499131242,3863599076.41,10346,GARANTİ PORTFÖY BİRİNCİ FON SEPETİ FONU
GZR,GARANTİ PORTFÖY YÖNETİMİ A.Ş.,AKTİF,Hisse Senedi Fonu,10.957475,91456342,1002130597.94,1941,GARANTİ PORTFÖY SÜRDÜRÜLEBİLİRLİK HİSSE SENEDİ (TL) FONU (HİSSE SENEDİ YOĞUN FON)
GZV,GARANTİ PORTFÖY YÖNETİMİ A.Ş.,AKTİF,Fon Sepeti Fonu,8.609479,11377667,97955786.93,1370,GARANTİ PORTFÖY ESG SÜRDÜRÜLEBİLİRLİK FON SEPETİ FONU
GZY,GARANTİ PORTFÖY YÖNETİMİ A.Ş.,AKTİF,Değişken Fon,7.295652,8444890,61610977.26,2235,GARANTİ PORTFÖY TURİZM VE SEYAHAT SEKTÖRÜ DEĞİŞKEN FON
GZZ,GARANTİ PORTFÖY YÖNETİMİ A.Ş.,AKTİF,Değişken Fon,6.819454,9123234,62215474.73,1229,GARANTİ PORTFÖY FİNANSAL TEKNOLOJİLER DEĞİŞKEN FON
HAI,AHLATCI PORTFÖY YÖNETİMİ ANONİM ŞİRKETİ,AKTİF,Altın Fonu,1.00957,11930743,12044924.85,339,AHLATCI PORTFÖY ALTIN FONU
HAR,BV PORTFÖY YÖNETİMİ A.Ş.,AKTİF,Serbest Fon,1.077467,585800488,631180949.34,73,BV PORTFÖY HARMONY SERBEST FON
HBF,HSBC PORTFÖY YÖNETİMİ A.Ş.,AKTİF,Altın Fonu,51.079293,121645969,6213590082.42,10570,HSBC PORTFÖY ALTIN FONU
HBN,HSBC PORTFÖY YÖNETİMİ A.Ş.,AKTİF,Fon Sepeti Fonu,4.34279,121799199,528948301.7,1057,HSBC PORTFÖY BİRİNCİ FON SEPETİ FONU
HBU,HSBC PORTFÖY YÖNETİMİ A.Ş.,AKTİF,Hisse Senedi Fonu,1.391579,385442921,536374138.32,3195,HSBC PORTFÖY BİST 30 ENDEKSİ HİSSE SENEDİ FONU (HİSSE SENEDİ YOĞUN FON)
HDD,AHLATCI PORTFÖY YÖNETİMİ ANONİM ŞİRKETİ,AKTİF,Değişken Fon,1.09577,11092740,12155086.63,158,AHLATCI PORTFÖY BİRİNCİ DEĞİŞKEN FON
HFO,AHLATCI PORTFÖY YÖNETİMİ ANONİM ŞİRKETİ,AKTİF,Hisse Senedi Fonu,0.943572,5202830,4909242.47,188,AHLATCI PORTFÖY KATILIM HİSSE SENEDİ (TL) FONU (HİSSE SENEDİ YOĞUN FON)
HIH,GARANTİ PORTFÖY YÖNETİMİ A.Ş.,AKTİF,Hisse Senedi Fonu,1.337108,148639639,198747229.68,4405,GARANTİ  PORTFÖY HOLDİNGLER VE İŞTİRAKLERİ HİSSE SENEDİ (TL) FONU (HİSSE SENEDİ YOĞUN FON)
HIZ,AZİMUT PORTFÖY YÖNETİMİ A.Ş.,AKTİF,Değişken Fon,2.044491,97962725,200283952.35,1003,AZİMUT PORTFÖY DİNAMİK DEĞİŞKEN FON
HKG,ZİRAAT PORTFÖY YÖNETİMİ A.Ş.,AKTİF,Değişken Fon,1.462375,27506142,40224289.54,1161,ZİRAAT PORTFÖY HALK'IN ÜRETEN KADINLARI DEĞİŞKEN FON
HKR,HSBC PORTFÖY YÖNETİMİ A.Ş.,AKTİF,Serbest Fon,3.755406,353365171,1327029640.58,1449,HSBC PORTFÖY KIRMIZI HİSSE SENEDİ SERBEST (TL) FON (HİSSE SENEDİ YOĞUN FON)
HMG,HSBC PORTFÖY YÖNETİMİ A.Ş.,AKTİF,Serbest Fon,0.069831,108403031806,7569916722.07,6053,HSBC PYŞ MUTLAK GETİRİ HEDEFLİ HİSSE SENEDİ SERBEST (TL) FON(HİSSE SENEDİ YOĞUN FON)
HMS,HSBC PORTFÖY YÖNETİMİ A.Ş.,AKTİF,Hisse Senedi Fonu,0.090266,2570277198,232007680.79,3928,HSBC PORTFÖY SÜRDÜRÜLEBİLİRLİK HİSSE SENEDİ (TL) FONU (HİSSE SENEDİ YOĞUN FON)
HOA,HSBC PORTFÖY YÖNETİMİ A.Ş.,AKTİF,Değişken Fon,0.242441,7854930098,1904355809.75,3341,HSBC PORTFÖY TEKNOLOJİ DEĞİŞKEN FON
HOY,HSBC PORTFÖY YÖNETİMİ A.Ş.,AKTİF,Yabancı Fon Sepeti Fonu,0.366618,3633329777,1332043150.36,2528,HSBC PORTFÖY YABANCI BYF FON SEPETI
HPD,HSBC PORTFÖY YÖNETİMİ A.Ş.,AKTİF,Değişken Fon,0.212789,1345545005,286317063.33,1454,HSBC PORTFÖY İKİNCİ DEĞİŞKEN FON
HPO,HSBC PORTFÖY YÖNETİMİ A.Ş.,AKTİF,Değişken Fon,0.173407,6716013057,1164606915.84,2834,HSBC PORTFÖY ÇOKLU VARLIK BİRİNCİ DEĞİŞKEN FON
HPT,HSBC PORTFÖY YÖNETİMİ A.Ş.,AKTİF,Borçlanma Araçları Fonu,0.116282,35482202143,4125934814.07,10446,HSBC PORTFÖY KISA VADELİ BORÇLANMA ARAÇLARI (TL) FONU
HRZ,AKTİF PORTFÖY YÖNETİMİ A.Ş.,AKTİF,Hisse Senedi Fonu,1.948296,96487078,187985393.88,5291,AKTİF PORTFÖY BIST HALKA ARZ ŞİRKETLERİ HİSSE SENEDİ (TL) FONU (HİSSE SENEDİ YOĞUN FON)
HSA,HSBC PORTFÖY YÖNETİMİ A.Ş.,AKTİF,Değişken Fon,1622.622435,2460809,3992963891.56,2335,HSBC PORTFÖY DEĞİŞKEN (TL) FON
HSL,HSBC PORTFÖY YÖNETİMİ A.Ş.,AKTİF,Para Piyasası Fonu,423.643463,62061151,26291800902.4,24094,HSBC PORTFÖY PARA PİYASASI (TL) FONU
HST,HSBC PORTFÖY YÖNETİMİ A.Ş.,AKTİF,Borçlanma Araçları Fonu,1.027382,379900203,390302749.93,3715,HSBC PORTFÖY  BORÇLANMA ARAÇLARI (TL) FONU
HTF,HSBC PORTFÖY YÖNETİMİ A.Ş.,AKTİF,Serbest Fon,1.486129,2937961381,4366190098.46,513,HSBC PORTFÖY PARA PİYASASI SERBEST (TL) FON
HTK,QNB PORTFÖY YÖNETİMİ A.Ş.,AKTİF,Fon Sepeti Fonu,0.986528,98746276,97415934.96,797,QNB PORTFÖY HAVACILIK VE SAVUNMA TEKNOLOJİLERİ FON SEPETİ FONU
HTS,HSBC PORTFÖY YÖNETİMİ A.Ş.,AKTİF,Serbest Fon,58.896114,82181416,4840166081.07,2624,HSBC PORTFÖY ALTINCI SERBEST (DÖVİZ) FON
HVI,DENİZ PORTFÖY YÖNETİMİ A.Ş,AKTİF,Hisse Senedi Fonu,1.224356,31547047,38624825.78,350,DENİZ PORTFÖY HOLDİNGLER VE İŞTİRAKLERİ HİSSE SENEDİ (TL) FONU (HİSSE SENEDİ YOĞUN FON)
HVS,HSBC PORTFÖY YÖNETİMİ A.Ş.,AKTİF,Hisse Senedi Fonu,1.50539,1644924827,2476253600.41,9973,HSBC PORTFÖY HİSSE SENEDİ (TL) FONU (HİSSE SENEDİ YOĞUN FON)
HVT,ALLBATROSS PORTFÖY YÖNETİMİ ANONİM ŞİRKETİ,AKTİF,Para Piyasası Fonu,4.871801,150263516,732053875.42,1786,ALLBATROSS PORTFÖY BİRİNCİ PARA PİYASASI (TL) FONU
HVU,ALLBATROSS PORTFÖY YÖNETİMİ ANONİM ŞİRKETİ,AKTİF,Değişken Fon,5.530593,2859989,15817436.3,772,ALLBATROSS PORTFÖY BİRİNCİ DEĞİŞKEN FON
HVZ,ALLBATROSS PORTFÖY YÖNETİMİ ANONİM ŞİRKETİ,AKTİF,Hisse Senedi Fonu,6.471091,11760596,76103882.31,1744,ALLBATROSS PORTFÖY BİRİNCİ HİSSE SENEDİ (TL) FONU (HİSSE SENEDİ YOĞUN FON)
HYP,AZİMUT PORTFÖY YÖNETİMİ A.Ş.,AKTİF,Serbest Fon,10.959754,52531684,575734323.74,61,AZİMUT PORTFÖY İVME SERBEST FON
HYU,HSBC PORTFÖY YÖNETİMİ A.Ş.,AKTİF,Serbest Fon,1.84621,601964360,1111352662.25,235,HSBC PORTFÖY KISA VADELİ SERBEST (TL) FON
IAE,İSTANBUL PORTFÖY YÖNETİMİ A.Ş.,AKTİF,Değişken Fon,2.070008,126701562,262273246.77,445,İSTANBUL PORTFÖY AGRESİF DEĞİŞKEN FON
IAM,İŞ PORTFÖY YÖNETİMİ A.Ş.,AKTİF,Fon Sepeti Fonu,1.699634,46028406,78231454.37,2805,İŞ PORTFÖY AGRESİF FON SEPETİ FONU
IAR,İSTANBUL PORTFÖY YÖNETİMİ A.Ş.,AKTİF,Serbest Fon,74.383471,1830883,136187432.62,19,İSTANBUL PORTFÖY DÖRDÜNCÜ SERBEST FON
IAT,İŞ PORTFÖY YÖNETİMİ A.Ş.,AKTİF,Katılım Fonu,0.20101,10925013250,2196031793.62,8961,İŞ PORTFÖY KİRA SERTİFİKALARI KATILIM (TL) FONU
IAY,INVEO PORTFÖY YÖNETİMİ A.Ş.,AKTİF,Katılım Fonu,1.505997,29344446,44192645.64,194,INVEO PORTFÖY ALTIN KATILIM FONU
IBB,İŞ PORTFÖY YÖNETİMİ A.Ş.,AKTİF,Değişken Fon,16.192975,84791986,1373034520.78,8597,İŞ PORTFÖY ATAK DEĞİŞKEN FON
ICC,TEB PORTFÖY YÖNETİMİ A.Ş.,AKTİF,Değişken Fon,1.327994,18402969,24439039.73,278,TEB PORTFÖY BEŞİNCİ DEĞİŞKEN FON
ICD,TEB PORTFÖY YÖNETİMİ A.Ş.,AKTİF,Değişken Fon,137.486099,258158,35493136.32,198,TEB PORTFÖY DÖRDÜNCÜ DEĞİŞKEN FON
ICF,TEB PORTFÖY YÖNETİMİ A.Ş.,AKTİF,Hisse Senedi Fonu,182.371525,114577,20895582.26,535,TEB PORTFÖY BİRİNCİ HİSSE SENEDİ FONU (HİSSE SENEDİ YOĞUN FON)
ICM,İNCİR PORTFÖY YÖNETİMİ ANONİM ŞİRKETİ,AKTİF,Para Piyasası Fonu,1.006164,48974292,49276185.24,45,İNCİR PORTFÖY BİRİNCİ PARA PİYASASI (TL) FONU
ICS,TEB PORTFÖY YÖNETİMİ A.Ş.,AKTİF,Serbest Fon,50.323556,299337,15063702.23,53,TEB PORTFÖY SERBEST (DÖVİZ) FON
ICV,TEB PORTFÖY YÖNETİMİ A.Ş.,AKTİF,Serbest Fon,6.09227,1074932,6548775.48,49,TEB PORTFÖY ONDOKUZUNCU SERBEST FON
ICZ,AK PORTFÖY YÖNETİMİ A.Ş.,AKTİF,Hisse Senedi Fonu,7.680754,128427406,986419296.46,21904,AK PORTFÖY TEKNOLOJİ ŞİRKETLERİ HİSSE SENEDİ (TL) FONU (HİSSE SENEDİ YOĞUN FON)
IDD,LOGOS PORTFÖY YÖNETİMİ A.Ş.,AKTİF,Serbest Fon,0.15089,209030711,31540601.38,25,LOGOS PORTFÖY DİNAMİK DAĞIMLI SERBEST FON
IDF,İŞ PORTFÖY YÖNETİMİ A.Ş.,AKTİF,Serbest Fon,78.15591,164153273,12829548385.24,4305,İŞ PORTFÖY SERBEST (DÖVİZ) FON
IDH,İŞ PORTFÖY YÖNETİMİ A.Ş.,AKTİF,Hisse Senedi Fonu,11.970478,67724391,810693350.51,19568,İŞ PORTFÖY BIST 100 DIŞI ŞİRKETLER HİSSE SENEDİ (TL) FONU (HİSSE SENEDİ YOĞUN FON)
IDI,AZİMUT PORTFÖY YÖNETİMİ A.Ş.,AKTİF,Hisse Senedi Fonu,1.673281,36122827,60443624.46,1191,AZİMUT PORTFÖY İNŞAAT SEKTÖRÜ HİSSE SENEDİ FONU (HİSSE SENEDİ YOĞUN FON)
IDL,AKTİF PORTFÖY YÖNETİMİ A.Ş.,AKTİF,Para Piyasası Fonu,6.205517,611343973,3793705561.23,3881,AKTİF PORTFÖY PARA PİYASASI (TL) FONU
IDO,İŞ PORTFÖY YÖNETİMİ A.Ş.,AKTİF,Serbest Fon,59.023118,1431725278,84504889503.88,15649,İŞ PORTFÖY ONDOKUZUNCU SERBEST (DÖVİZ-AVRO) FON
IDY,TEB PORTFÖY YÖNETİMİ A.Ş.,AKTİF,Değişken Fon,0.237311,2238515517,531223251.59,2456,TEB PORTFÖY İKİNCİ DEĞİŞKEN FON
IED,İŞ PORTFÖY YÖNETİMİ A.Ş.,AKTİF,Değişken Fon,1.013414,66527259,67419643.25,1309,İŞ PORTFÖY AGRESİF DEĞİŞKEN FON
IEN,İSTANBUL PORTFÖY YÖNETİMİ A.Ş.,AKTİF,Serbest Fon,1.121269,10920326,12244620.78,88,İSTANBUL PORTFÖY İNŞAAT SEKTÖRÜ HİSSE SENEDİ SERBEST (TL) FON (HİSSE SENEDİ YOĞUN FON)
IEV,İŞ PORTFÖY YÖNETİMİ A.Ş.,AKTİF,Değişken Fon,4.936958,17752446,87643077.3,4219,İŞ PORTFÖY HAVACILIK VE SAVUNMA TEKNOLOJİLERİ DEĞİŞKEN FON
IFN,TEB PORTFÖY YÖNETİMİ A.Ş.,AKTİF,Hisse Senedi Fonu,8.695736,385065,3348423.62,419,TEB PORTFÖY SÜRDÜRÜLEBİLİRLİK HİSSE SENEDİ FONU (HİSSE SENEDİ YOĞUN FON)
IFV,TEB PORTFÖY YÖNETİMİ A.Ş.,AKTİF,Borçlanma Araçları Fonu,4.779715,16104122,76973116.49,203,TEB PORTFÖY BİRİNCİ KISA VADELİ BORÇLANMA ARAÇLARI (TL) FONU
IGZ,İŞ PORTFÖY YÖNETİMİ A.Ş.,AKTİF,Serbest Fon,11.265139,2116828,23846360.89,3,İŞ PORTFÖY İKİNCİ HİSSE SENEDİ SERBEST FON (HİSSE SENEDİ YOĞUN FON)
IH1,İNCİR PORTFÖY YÖNETİMİ ANONİM ŞİRKETİ,AKTİF,Hisse Senedi Fonu,0.873907,190795238,166737216.77,99,İNCİR PORTFÖY BİRİNCİ HİSSE SENEDİ FONU (HİSSE SENEDİ YOĞUN FON)
IHA,ALLBATROSS PORTFÖY YÖNETİMİ ANONİM ŞİRKETİ,AKTİF,Hisse Senedi Fonu,2.921077,1620701,4734191.83,296,ALLBATROSS PORTFÖY İKİNCİ HİSSE SENEDİ (TL) FONU (HİSSE SENEDİ YOĞUN FON)
IHC,INVEO PORTFÖY YÖNETİMİ A.Ş.,AKTİF,Serbest Fon,7.680466,50571543,388413018.77,434,INVEO PORTFÖY INTER SERBEST FON
IHK,İŞ PORTFÖY YÖNETİMİ A.Ş.,AKTİF,Hisse Senedi Fonu,15.341125,88747933,1361493105.41,28400,İŞ PORTFÖY İŞ'TE KADIN HİSSE SENEDİ (TL) FONU (HİSSE SENEDİ YOĞUN FON)
IHP,İSTANBUL PORTFÖY YÖNETİMİ A.Ş.,AKTİF,Serbest Fon,1.603846,38641205,61974555.49,246,İSTANBUL PORTFÖY İKİNCİ HİSSE SENEDİ SERBEST (TL) FON (HİSSE SENEDİ YOĞUN FON)
IHT,İŞ PORTFÖY YÖNETİMİ A.Ş.,AKTİF,Hisse Senedi Fonu,3.486539,19540260,68127886.33,3259,İŞ PORTFÖY İHRACATÇI ŞİRKETLER HİSSE SENEDİ (TL) FONU (HİSSE SENEDİ YOĞUN FON)
IHV,INVEO PORTFÖY YÖNETİMİ A.Ş.,AKTİF,Serbest Fon,1.739632,99547857,173176622.29,35,INVEO PORTFÖY BEŞİNCİ HİSSE SENEDİ SERBEST FON (HİSSE SENEDİ YOĞUN FON)
IHZ,ALLBATROSS PORTFÖY YÖNETİMİ ANONİM ŞİRKETİ,AKTİF,Serbest Fon,0.762621,2981124,2273467.53,66,ALLBATROSS PORTFÖY İKİNCİ HİSSE SENEDİ SERBEST FON (HİSSE SENEDİ YOĞUN FON)
IIH,İSTANBUL PORTFÖY YÖNETİMİ A.Ş.,AKTİF,Hisse Senedi Yoğun,31.375314,51674045,1621289390.68,21081,İSTANBUL PORTFÖY ÜÇÜNCÜ HİSSE SENEDİ FONU (HİSSE SENEDİ YOĞUN FON)
IIN,INVEO PORTFÖY YÖNETİMİ A.Ş.,AKTİF,Serbest Fon,1.451865,949969162,1379227258.2,134,INVEO PORTFÖY PARA PİYASASI SERBEST (TL) FON
IJA,INVEO PORTFÖY YÖNETİMİ A.Ş.,AKTİF,Değişken Fon,13.36339,12285305,164173318.79,1193,INVEO PORTFÖY ATAK DEĞİŞKEN FON
IJB,İŞ PORTFÖY YÖNETİMİ A.Ş.,AKTİF,Karma Fon,6.675422,30663707,204693169.29,6914,İŞ PORTFÖY DİJİTAL OYUN SEKTÖRÜ KARMA FON
IJC,İŞ PORTFÖY YÖNETİMİ A.Ş.,AKTİF,Değişken Fon,15.312856,263878469,4040732892.92,43619,İŞ PORTFÖY YARI İLETKEN TEKNOLOJİLERİ DEĞİŞKEN FON
IJI,İSTANBUL PORTFÖY YÖNETİMİ A.Ş.,AKTİF,Serbest Fon,9.59972,20335938,195219303.24,258,İSTANBUL PORTFÖY HİSSE SENEDİ SERBEST (TL) FON (HİSSE SENEDİ YOĞUN FON )
IJP,İŞ PORTFÖY YÖNETİMİ A.Ş.,AKTİF,Karma Fon,9.208361,67664873,623082569.68,12567,İŞ PORTFÖY BLOCKCHAİN TEKNOLOJİLERİ KARMA FON
IJT,İŞ PORTFÖY YÖNETİMİ A.Ş.,AKTİF,Serbest Fon,7.318997,171199841,1253011114.65,1621,İŞ PORTFÖY TARIM SERBEST FON
IJV,İSTANBUL PORTFÖY YÖNETİMİ A.Ş.,AKTİF,Para Piyasası Fonu,5.795676,612152094,3547835065,2779,İSTANBUL PORTFÖY BİRİNCİ PARA PİYASASI (TL) FONU
IJZ,İŞ PORTFÖY YÖNETİMİ A.Ş.,AKTİF,Değişken Fon,14.690714,63588693,934163301.5,15764,İŞ PORTFÖY SİBER GÜVENLİK TEKNOLOJİLERİ DEĞİŞKEN FON
IKL,İŞ PORTFÖY YÖNETİMİ A.Ş.,AKTİF,Karma Fon,9.982411,25453216,254084470.24,5352,İŞ PORTFÖY SAĞLIK ŞİRKETLERİ KARMA FON
IKP,İŞ PORTFÖY YÖNETİMİ A.Ş.,AKTİF,Karma Fon,9.01657,106388614,959260418.71,12542,İŞ PORTFÖY YENİLENEBİLİR ENERJİ KARMA FON
IKV,İŞ PORTFÖY YÖNETİMİ A.Ş.,AKTİF,Borçlanma Araçları Fonu,1.558415,207537698,323429902.43,1241,İŞ PORTFÖY İKİNCİ KISA VADELİ BORÇLANMA ARAÇLARI (TL) FONU
ILU,İSTANBUL PORTFÖY YÖNETİMİ A.Ş.,AKTİF,Serbest Fon,1.180034,1837384432,2168175276.01,4,İSTANBUL PORTFÖY ONALTINCI SERBEST FON
ILZ,İŞ PORTFÖY YÖNETİMİ A.Ş.,AKTİF,Fon Sepeti Fonu,8.408628,129714938,1090724709.45,6332,İŞ PORTFÖY TEMKİNLİ FON SEPETİ FONU
IMB,İSTANBUL PORTFÖY YÖNETİMİ A.Ş.,AKTİF,Hisse Senedi Fonu,1.10995,3518565,3905429.96,171,İSTANBUL PORTFÖY ALGORİTMİK MODEL HİSSE SENEDİ FONU (HİSSE SENEDİ YOĞUN FON)
IMF,İSTANBUL PORTFÖY YÖNETİMİ A.Ş.,AKTİF,Serbest Fon,5.768992,66550045,383926687.55,19,İSTANBUL PORTFÖY MAESTRO SERBEST FON
IML,İŞ PORTFÖY YÖNETİMİ A.Ş.,AKTİF,Hisse Senedi Fonu,1.657007,497729436,824741168.81,4489,İŞ PORTFÖY MODEL PORTFÖY HİSSE SENEDİ (TL) FONU (HİSSE SENEDİ YOĞUN FON)
IOG,İŞ PORTFÖY YÖNETİMİ A.Ş.,AKTİF,Serbest Fon,13.833141,950880761,13153668087.89,18276,İŞ PORTFÖY GÜMÜŞ SERBEST FON
IOO,İŞ PORTFÖY YÖNETİMİ A.Ş.,AKTİF,Para Piyasası Fonu,4.731986,6677286040,31596824870.74,8965,İŞ PORTFÖY İKİNCİ PARA PİYASASI (TL) FONU
IPB,İSTANBUL PORTFÖY YÖNETİMİ A.Ş.,AKTİF,Değişken Fon,0.813496,1141332931,928469960.99,14598,İSTANBUL PORTFÖY BİRİNCİ DEĞİŞKEN FON
IPG,İŞ PORTFÖY YÖNETİMİ A.Ş.,AKTİF,Fon Sepeti Fonu,9.662656,36258594,350354312.83,1706,İŞ PORTFÖY ATAK FON SEPETİ FONU
IPJ,İŞ PORTFÖY YÖNETİMİ A.Ş.,AKTİF,Karma Fon,19.539661,63528439,1241324160.7,18228,İŞ PORTFÖY ELEKTRİKLİ ARAÇLAR KARMA FON
IPV,İŞ PORTFÖY YÖNETİMİ A.Ş.,AKTİF,Borçlanma Araçları Fonu,79.108886,26417513,2089860023.51,11870,İŞ PORTFÖY EUROBOND BORÇLANMA ARAÇLARI (DÖVİZ) FONU
IRB,İSTANBUL PORTFÖY YÖNETİMİ A.Ş.,AKTİF,Serbest Fon,1.351703,939634628,1270107061.35,710,İSTANBUL PORTFÖY İSTATİSTİKSEL ARBİTRAJ HİSSE SENEDİ SERBEST FON (HİSSE SENEDİ YOĞUN FON)
IRF,İSTANBUL PORTFÖY YÖNETİMİ A.Ş.,AKTİF,Fon Sepeti Fonu,7.576175,67731152,513143064.71,1920,İSTANBUL PORTFÖY BİRİNCİ FON SEPETİ FONU
IRO,İSTANBUL PORTFÖY YÖNETİMİ A.Ş.,AKTİF,Serbest Fon,2.04492,18975563,38803508.07,73,İSTANBUL PORTFÖY ROBOTİK TEKNOLOJİLERİ SERBEST FON
IRT,INVEO PORTFÖY YÖNETİMİ A.Ş.,AKTİF,Değişken Fon,7.749635,16099610,124766096.45,1522,INVEO PORTFÖY TEKNOLOJİ DEĞİŞKEN FON
IRV,İSTANBUL PORTFÖY YÖNETİMİ A.Ş.,AKTİF,Serbest Fon,7.188869,60355372,433886885.55,78,İSTANBUL PORTFÖY İSTATİSTİKSEL ARBİTRAJ SERBEST FON
IRY,INVEO PORTFÖY YÖNETİMİ A.Ş.,AKTİF,Para Piyasası Fonu,4.113426,471493398,1939453021.68,2292,INVEO PORTFÖY PARA PİYASASI (TL) FONU
IST,İSTANBUL PORTFÖY YÖNETİMİ A.Ş.,AKTİF,Borçlanma Araçları Fonu,0.200217,9311180926,1864254444.73,3066,İSTANBUL PORTFÖY KISA VADELİ BORÇLANMA ARAÇLARI (TL) FONU
ITC,INVEO PORTFÖY YÖNETİMİ A.Ş.,AKTİF,Hisse Senedi Fonu,1.108097,26331976,29178390.96,270,INVEO PORTFÖY TEMETTÜ ÖDEYEN ŞİRKETLER HİSSE SENEDİ (TL) FONU (HİSSE SENEDİ YOĞUN FON)
ITP,İŞ PORTFÖY YÖNETİMİ A.Ş.,AKTİF,Karma Fon,13.170116,76268774,1004468565.18,11303,İŞ PORTFÖY TEKNOLOJİ KARMA FON
IUF,İŞ PORTFÖY YÖNETİMİ A.Ş.,AKTİF,Serbest Fon,68.609845,320546580,21992651257.83,7656,İŞ PORTFÖY YEDİNCİ SERBEST (DÖVİZ-AVRO) FON
IUH,INVEO PORTFÖY YÖNETİMİ A.Ş.,AKTİF,Fon Sepeti Fonu,6.174851,1880840,11613904.96,707,INVEO PORTFÖY DÖNÜŞTÜRÜCÜ TEKNOLOJİLER FON SEPETİ FONU
IUV,İŞ PORTFÖY YÖNETİMİ A.Ş.,AKTİF,Serbest Fon,67.746677,310471311,21033399760.7,6308,İŞ PORTFÖY BEŞİNCİ SERBEST (DÖVİZ)  FON
IV8,INVEO PORTFÖY YÖNETİMİ A.Ş.,AKTİF,Katılım Fonu,2.35678,14000500,32996094.89,133,INVEO PORTFÖY KİRA SERTİFİKALARI KATILIM FONU
IVF,İSTANBUL PORTFÖY YÖNETİMİ A.Ş.,AKTİF,Hisse Senedi Fonu,5.983602,12229937,73179070.48,1274,İSTANBUL PORTFÖY KATILIM HİSSE SENEDİ (TL) FONU (HİSSE SENEDİ YOĞUN FON)
IVY,İSTANBUL PORTFÖY YÖNETİMİ A.Ş.,AKTİF,Karma Fon,6.245431,115932998,724051507.4,12883,İSTANBUL PORTFÖY BLOCKCHAIN TEKNOLOJİLERİ DEĞİŞKEN FON
IYB,AURA PORTFÖY YÖNETİMİ A.Ş.,AKTİF,Değişken Fon,5.94179,14559738,86510900.43,284,AURA PORTFÖY DEĞİŞKEN FONU
IYV,İSTANBUL PORTFÖY YÖNETİMİ A.Ş.,AKTİF,Serbest Fon,1.06955,160402163,171558147.14,61,İSTANBUL PORTFÖY AŞİYAN SERBEST FON
IZB,İSTANBUL PORTFÖY YÖNETİMİ A.Ş.,AKTİF,Serbest Fon,11.078643,17436801,193176096.5,81,İSTANBUL PORTFÖY BİRİNCİ FON SEPETİ SERBEST FON
IZS,İSTANBUL PORTFÖY YÖNETİMİ A.Ş.,AKTİF,Serbest Fon,10.706325,13361600,143053627.55,104,İSTANBUL PORTFÖY ALTINCI SERBEST FON
JET,ATA PORTFÖY YÖNETİMİ A.Ş.,AKTİF,Değişken Fon,2.234349,206505079,461404456.88,16563,ATA PORTFÖY HAVACILIK VE SAVUNMA TEKNOLOJİLERİ DEĞİŞKEN FON
JUP,AURA PORTFÖY YÖNETİMİ A.Ş.,AKTİF,Serbest Fon,0.543199,101713390,55250591.14,52,AURA PORTFÖY JÜPİTER SERBEST (DÖVİZ) FON
KAV,KUVEYT TÜRK PORTFÖY YÖNETİMİ A.Ş.,AKTİF,Serbest Fon,58.220888,310042606,18050955963.1,5665,KUVEYT TÜRK PORTFÖY ALTINCI KATILIM SERBEST (DÖVİZ-AVRO) FON
KCL,KARE PORTFÖY YÖNETİMİ A.Ş.,AKTİF,Katılım Fonu,1.729494,6293922,10885302.38,167,KARE PORTFÖY ÇOKLU VARLIK KATILIM FONU
KCR,AK PORTFÖY YÖNETİMİ A.Ş.,AKTİF,Katılım Fonu,1.074821,80464836,86485309.99,725,AK PORTFÖY KÜLÇE ALTIN KATILIM FONU
KCV,KUVEYT TÜRK PORTFÖY YÖNETİMİ A.Ş.,AKTİF,Katılım Fonu,5.239472,565097692,2960813638.13,13534,KUVEYT TÜRK PORTFÖY ÇOKLU VARLIK KATILIM FONU
KDE,KUVEYT TÜRK PORTFÖY YÖNETİMİ A.Ş.,AKTİF,Katılım Fonu,1.788128,409227765,731751689.55,4059,KUVEYT TÜRK PORTFÖY DENGELİ KATILIM FONU
KDL,KUVEYT TÜRK PORTFÖY YÖNETİMİ A.Ş.,AKTİF,Serbest Fon,53.453175,478853880,25596260422.14,7024,KUVEYT TÜRK PORTFÖY BEŞİNCİ KATILIM SERBEST (DÖVİZ) FON
KDO,İŞ PORTFÖY YÖNETİMİ A.Ş.,AKTİF,Serbest Fon,57.249342,20189909,1155858999.97,501,İŞ PORTFÖY KATILIM SERBEST (DÖVİZ-AVRO) FON
KDT,GARANTİ PORTFÖY YÖNETİMİ A.Ş.,AKTİF,Serbest Fon,55.473983,59149513,3281259054.81,1199,GARANTİ PORTFÖY KATILIM SERBEST (DÖVİZ) FON
KGM,KUVEYT TÜRK PORTFÖY YÖNETİMİ A.Ş.,AKTİF,Fon Sepeti Fonu,2.972146,980013024,2912741325.1,30247,KUVEYT TÜRK PORTFÖY GÜMÜŞ KATILIM FON SEPETİ FONU
KH1,AK PORTFÖY YÖNETİMİ A.Ş.,AKTİF,Hisse Senedi Fonu,1.257712,71128614,89459278.04,1228,AK PORTFÖY KATILIM HİSSE SENEDİ FONU (HİSSE SENEDİ YOĞUN FON)
KHB,KARE PORTFÖY YÖNETİMİ A.Ş.,AKTİF,Hisse Senedi Fonu,1.456901,8904257,12972619.49,226,KARE PORTFÖY BIST 100 DIŞI ŞİRKETLER HİSSE SENEDİ FONU (HİSSE SENEDİ YOĞUN FON)
KHT,ALLBATROSS PORTFÖY YÖNETİMİ ANONİM ŞİRKETİ,AKTİF,Serbest Fon,1.892371,2909098,5505091.54,198,ALLBATROSS PORTFÖY KARTAL HİSSE SENEDİ SERBEST (TL) FON (HİSSE SENEDİ YOĞUN FON)
KIA,TRIVE PORTFÖY YÖNETİMİ A.Ş.,AKTİF,Değişken Fon,4.437197,1207189,5356535.08,346,TRIVE PORTFÖY MUTLAK GETİRİ HEDEFLİ DEĞİŞKEN FON
KIB,TRIVE PORTFÖY YÖNETİMİ A.Ş.,AKTİF,Değişken Fon,4.213948,2500442,10536733.01,1073,TRIVE PORTFÖY ROBOTİK TEKNOLOJİLERİ DEĞİŞKEN FON
KIE,TRIVE PORTFÖY YÖNETİMİ A.Ş.,AKTİF,Para Piyasası Fonu,4.793699,96766274,463868402.05,978,TRIVE PORTFÖY PARA PİYASASI (TL) FONU
KIH,KARE PORTFÖY YÖNETİMİ A.Ş.,AKTİF,Serbest Fon,1.575693,38684706,60955228.42,24,KARE PORTFÖY İSTATİSTİKSEL ARBİTRAJ SERBEST FON
KIK,KUVEYT TÜRK PORTFÖY YÖNETİMİ A.Ş.,AKTİF,Katılım Fonu,1.399455,109109954,152694416.76,1357,KUVEYT TÜRK PORTFÖY İKİNCİ KATILIM FONU
KIS,ASTRA PORTFÖY YÖNETİMİ A.Ş.,AKTİF,Katılım Fonu,0.222666,405281447,90242342.37,757,ASTRA PORTFÖY KİRA SERTİFİKASI KATILIM (DÖVİZ) FONU
KKC,KARE PORTFÖY YÖNETİMİ A.Ş.,AKTİF,Serbest Fon,58.172211,782823,45538544.6,51,KARE PORTFÖY KATILIM SERBEST (DÖVİZ-AVRO) FON
KKH,İŞ PORTFÖY YÖNETİMİ A.Ş.,AKTİF,Fon Sepeti Fonu,6.970407,73833476,514649372.47,4985,İŞ PORTFÖY DENGELİ FON SEPETİ FONU
KKL,ALLBATROSS PORTFÖY YÖNETİMİ ANONİM ŞİRKETİ,AKTİF,Serbest Fon,2.572073,1429006649,3675509175.86,1641,ALLBATROSS PORTFÖY KISA VADELİ KATILIM SERBEST (TL) FON
KLI,AK PORTFÖY YÖNETİMİ A.Ş.,AKTİF,Serbest Fon,1.347613,75803569,102153905.53,168,AK PORTFÖY PARA PİYASASI KATILIM SERBEST FON
KLS,ALLBATROSS PORTFÖY YÖNETİMİ ANONİM ŞİRKETİ,AKTİF,Serbest Fon,41.388376,7181,297209.93,2,ALLBATROSS PORTFÖY KATILIM SERBEST (DÖVİZ) FON
KLU,KUVEYT TÜRK PORTFÖY YÖNETİMİ A.Ş.,AKTİF,Katılım Fonu,4.970386,18419658275,91552803693.08,110075,KUVEYT TÜRK PORTFÖY PARA PİYASASI KATILIM (TL) FONU
KME,KUVEYT TÜRK PORTFÖY YÖNETİMİ A.Ş.,AKTİF,Katılım Fonu,1.635262,89370518,146144195.8,1250,KUVEYT TÜRK PORTFÖY TEMKİNLİ KATILIM FONU
KMF,AZİMUT PORTFÖY YÖNETİMİ A.Ş.,AKTİF,Katılım Fonu,3.45786,509463026,1761651564.75,2225,AZİMUT PORTFÖY ALTIN KATILIM FONU
KMN,YAPI KREDİ PORTFÖY YÖNETİMİ A.Ş.,AKTİF,Altın Ve Diğer Kıymetli Madenler Fonu,0.958956,478375983,458741725.26,4875,YAPI KREDİ PORTFÖY KIYMETLİ MADENLER KATILIM FONU
KNI,AZİMUT PORTFÖY YÖNETİMİ A.Ş.,AKTİF,Serbest Fon,1.41097,6997125767,9872732964.7,409,AZİMUT PORTFÖY İKİNCİ PARA PİYASASI SERBEST (TL) FON
KNJ,KUVEYT TÜRK PORTFÖY YÖNETİMİ A.Ş.,AKTİF,Katılım Fonu,2.069858,577198395,1194718537,16203,KUVEYT TÜRK PORTFÖY ENERJİ KATILIM FONU
KOD,YAPI KREDİ PORTFÖY YÖNETİMİ A.Ş.,AKTİF,Değişken Fon,1.001754,52280933,52372643.15,729,YAPI KREDİ PORTFÖY KÜÇÜK ÖLÇEKLİ ŞİRKETLER DEĞİŞKEN FON
KOT,AZİMUT PORTFÖY YÖNETİMİ A.Ş.,AKTİF,Hisse Senedi Fonu,1.468303,106101067,155788553.7,3521,AZİMUT PORTFÖY KOÇ TOPLULUĞU ŞİRKETLERİ HİSSE SENEDİ FONU (HİSSE SENEDİ YOĞUN FON)
KP3,KARE PORTFÖY YÖNETİMİ A.Ş.,AKTİF,Serbest Fon,53.557552,263284,14100846.64,10,KARE PORTFÖY ÜÇÜNCÜ SERBEST (DÖVİZ) FON
KPA,KUVEYT TÜRK PORTFÖY YÖNETİMİ A.Ş.,AKTİF,Hisse Senedi Fonu,1.60329,323612139,518843993.9,14136,KUVEYT TÜRK PORTFÖY KAR PAYI ÖDEYEN KATILIM HİSSE SENEDİ FONU (HİSSE SENEDİ YOĞUN FON)
KPC,KUVEYT TÜRK PORTFÖY YÖNETİMİ A.Ş.,AKTİF,Hisse Senedi Yoğun,20.275129,221959554,4500258605.66,24889,KUVEYT TÜRK PORTFÖY KATILIM HİSSE SENEDİ (TL) FONU (HİSSE SENEDİ YOĞUN FON)
KPD,KUVEYT TÜRK PORTFÖY YÖNETİMİ A.Ş.,AKTİF,Serbest Fon,49.009194,6221185,304895263.97,544,KUVEYT TÜRK PORTFÖY KAR PAYI ÖDEYEN KATILIM SERBEST (DÖVİZ) FON
KPF,NEO PORTFÖY YÖNETİMİ A.Ş.,AKTİF,Serbest Fon,1.819252,81691494,148617383.94,215,NEO PORTFÖY MUTLAK GETİRİ HEDEFLİ HİSSE SENEDİ SERBEST FON (HİSSE SENEDİ YOĞUN FON)
KPH,İŞ PORTFÖY YÖNETİMİ A.Ş.,AKTİF,Hisse Senedi Fonu,1.178813,419681126,494725401.46,11515,İŞ PORTFÖY KAR PAYI ÖDEYEN HİSSE SENEDİ (TL) FONU (HİSSE SENEDİ YOĞUN FON)
KPI,İŞ PORTFÖY YÖNETİMİ A.Ş.,AKTİF,Katılım Fonu,1.512243,4115208384,6223193712.57,7115,İŞ PORTFÖY PARA PİYASASI KATILIM (TL) FONU
KPP,KARE PORTFÖY YÖNETİMİ A.Ş.,AKTİF,Para Piyasası Fonu,3.250355,124015227,403093475.26,650,KARE PORTFÖY PARA PİYASASI FONU
KPU,KUVEYT TÜRK PORTFÖY YÖNETİMİ A.Ş.,AKTİF,Hisse Senedi Fonu,3.734043,139862787,522253657.68,6092,KUVEYT TÜRK PORTFÖY İKİNCİ KATILIM HİSSE SENEDİ (TL) FONU (HİSSE SENEDİ YOĞUN FON)
KRC,KARE PORTFÖY YÖNETİMİ A.Ş.,AKTİF,Borçlanma Araçları Fonu,0.149457,203316320,30387090.56,145,KARE PORTFÖY BİRİNCİ BORÇLANMA ARAÇLARI FONU
KRF,KARE PORTFÖY YÖNETİMİ A.Ş.,AKTİF,Değişken Fon,21.592684,2268316,48979031.73,580,KARE PORTFÖY BİRİNCİ DEĞİŞKEN FON
KRR,İŞ PORTFÖY YÖNETİMİ A.Ş.,AKTİF,Karma Fon,1.125747,23961052,26974092.99,670,İŞ PORTFÖY KARMA FON
KRS,KARE PORTFÖY YÖNETİMİ A.Ş.,AKTİF,Serbest Fon,0.528801,2729636540,1443434183.37,1077,KARE PORTFÖY SERBEST (DÖVİZ) FON
KRT,KARE PORTFÖY YÖNETİMİ A.Ş.,AKTİF,Serbest Fon,75.855375,10496543,796219206.38,167,KARE PORTFÖY TÜRKİYE ODAKLI SERBEST (DÖVİZ ) FON
KSK,AZİMUT PORTFÖY YÖNETİMİ A.Ş.,AKTİF,Katılım Fonu,3.007491,1589097860,4779197310.64,680,AZİMUT PORTFÖY İKİNCİ PARA PİYASASI KATILIM FONU
KSR,KUVEYT TÜRK PORTFÖY YÖNETİMİ A.Ş.,AKTİF,Katılım Fonu,5.053844,30953789,156435621.05,3809,KUVEYT TÜRK PORTFÖY SÜRDÜRÜLEBİLİRLİK KATILIM FONU
KST,ALLBATROSS PORTFÖY YÖNETİMİ ANONİM ŞİRKETİ,AKTİF,Hisse Senedi Fonu,1.849657,4485653,8296919.42,439,ALLBATROSS PORTFÖY KATILIM HİSSE SENEDİ (TL) FONU (HİSSE SENEDİ YOĞUN FON)
KSV,KUVEYT TÜRK PORTFÖY YÖNETİMİ A.Ş.,AKTİF,Serbest Fon,5.881359,6644634076,39079476470.99,9760,KUVEYT TÜRK PORTFÖY KISA VADELİ KATILIM SERBEST (TL) FON
KTI,AZİMUT PORTFÖY YÖNETİMİ A.Ş.,AKTİF,Hisse Senedi Fonu,1.975153,47946777,94702213.68,575,AZİMUT PORTFÖY KATILIM HİSSE SENEDİ FONU (HİSSE SENEDİ YOĞUN FON)
KTJ,KUVEYT TÜRK PORTFÖY YÖNETİMİ A.Ş.,AKTİF,Katılım Fonu,2.625075,575173219,1509873000.3,21229,KUVEYT TÜRK PORTFÖY TEKNOLOJİ KATILIM FONU
KTM,KUVEYT TÜRK PORTFÖY YÖNETİMİ A.Ş.,AKTİF,Katılım Fonu,22.362848,31107785,695658674.85,5923,KUVEYT TÜRK PORTFÖY BİRİNCİ KATILIM (TL) FONU
KTN,KUVEYT TÜRK PORTFÖY YÖNETİMİ A.Ş.,AKTİF,Katılım Fonu,8.233969,50775867,418086923.82,4258,KUVEYT TÜRK PORTFÖY KİRA SERTİFİKALARI KATILIM (TL) FONU
KTR,KUVEYT TÜRK PORTFÖY YÖNETİMİ A.Ş.,AKTİF,Serbest Fon,10.889446,2299119650,25036138724.96,616,KUVEYT TÜRK PORTFÖY BİRİNCİ KATILIM SERBEST (TL) FON
KTS,KUVEYT TÜRK PORTFÖY YÖNETİMİ A.Ş.,AKTİF,Serbest Fon,14.504174,9827328,142537274.74,826,KUVEYT TÜRK PORTFÖY KATILIM HİSSE SENEDİ SERBEST FON (HİSSE SENEDİ YOĞUN FON)
KTT,KUVEYT TÜRK PORTFÖY YÖNETİMİ A.Ş.,AKTİF,Serbest Fon,71.520955,72992052,5220461238.21,1436,KUVEYT TÜRK PORTFÖY DÖRDÜNCÜ KATILIM SERBEST (DÖVİZ) FON
KTV,KUVEYT TÜRK PORTFÖY YÖNETİMİ A.Ş.,AKTİF,Kisa Vadeli Kira Sertifikalari Katilim Fonu,7.89607,4970766996,39249526041.91,47187,KUVEYT TÜRK PORTFÖY KISA VADELİ KİRA SERTİFİKALARI KATILIM (TL) FONU
KU3,KUVEYT TÜRK PORTFÖY YÖNETİMİ A.Ş.,AKTİF,Katılım Fonu,1.110227,240488324,266996733.38,2880,KUVEYT TÜRK PORTFÖY ÜÇÜNCÜ KATILIM FONU
KUA,KUVEYT TÜRK PORTFÖY YÖNETİMİ A.Ş.,AKTİF,Katılım Fonu,1.379126,67555344,93167316.58,2055,KUVEYT TÜRK PORTFÖY AGRESİF KATILIM FONU
KUB,KARE PORTFÖY YÖNETİMİ A.Ş.,AKTİF,Değişken Fon,0.75721,740073217,560390768.18,3552,KARE PORTFÖY DEĞİŞKEN  (DÖVİZ) FONU
KUD,KUVEYT TÜRK PORTFÖY YÖNETİMİ A.Ş.,AKTİF,Katılım Fonu,1.736949,156578608,271969069.75,2830,KUVEYT TÜRK PORTFÖY DİNAMİK KATILIM FONU
KUT,KUVEYT TÜRK PORTFÖY YÖNETİMİ A.Ş.,AKTİF,Katılım Fonu,12.25179,625763561,7666724006.21,40406,KUVEYT TÜRK PORTFÖY KIYMETLİ MADENLER KATILIM FONU
KVS,AZİMUT PORTFÖY YÖNETİMİ A.Ş.,AKTİF,Serbest Fon,3.924401,6268103218,24598553357.03,2364,AZİMUT PORTFÖY KISA VADELİ SERBEST (TL) FON
KVT,AK PORTFÖY YÖNETİMİ A.Ş.,AKTİF,Hisse Senedi Fonu,1.314351,74553261,97989148.53,2890,AK PORTFÖY ENERJİ ŞİRKETLERİ HİSSE SENEDİ (TL) FONU (HİSSE SENEDİ YOĞUN FON)
KYA,KARE PORTFÖY YÖNETİMİ A.Ş.,AKTİF,Hisse Senedi Fonu,1.107763,52738451,58421684.17,1476,KARE PORTFÖY HİSSE SENEDİ FONU(HİSSE SENEDİ YOĞUN FON)
KYS,KARE PORTFÖY YÖNETİMİ A.Ş.,AKTİF,Serbest Fon,54.170491,207100,11218708.76,18,KARE PORTFÖY YEDİNCİ SERBEST (DÖVİZ) FON
KZL,KUVEYT TÜRK PORTFÖY YÖNETİMİ A.Ş.,AKTİF,Katılım Fonu,28.246371,3141672557,88740847284.22,65458,KUVEYT TÜRK PORTFÖY ALTIN KATILIM FONU
KZU,KUVEYT TÜRK PORTFÖY YÖNETİMİ A.Ş.,AKTİF,Katılım Fonu,2.391475,192383728,460080789.67,5747,KUVEYT TÜRK PORTFÖY İKİNCİ ALTIN KATILIM FONU
LKF,İŞ PORTFÖY YÖNETİMİ A.Ş.,AKTİF,Katılım Fonu,1.038519,132257805,137352240.13,1351,İŞ PORTFÖY ALTIN KATILIM FONU
LLA,ALLBATROSS PORTFÖY YÖNETİMİ ANONİM ŞİRKETİ,AKTİF,Serbest Fon,1.04039,21521432,22390684.56,702,ALLBATROSS PORTFÖY AYDIN HİSSE SENEDİ SERBEST (TL) FON (HİSSE SENEDİ YOĞUN FON)
LPH,STATECH PORTFÖY YÖNETİMİ A.Ş.,AKTİF,Serbest Fon,1.495978,3000178253,4488201944.42,2865,STATECH PORTFÖY İSTATİSTİKSEL ARBİTRAJ HİSSE SENEDİ SERBEST (TL) FON (HİSSE SENEDİ YOĞUN FON)
LTL,AHLATCI PORTFÖY YÖNETİMİ ANONİM ŞİRKETİ,AKTİF,Hisse Senedi Fonu,1.128523,243217515,274476532.9,4391,AHLATCI PORTFÖY HİSSE SENEDİ (TL) FONU (HİSSE SENEDİ YOĞUN FON)
MAC,MARMARA CAPİTAL PORTFÖY YÖNETİMİ A.Ş.,AKTİF,Hisse Senedi Fonu,0.699297,5613222801,3925307241.03,34917,MARMARA CAPITAL PORTFÖY HİSSE SENEDİ (TL) FONU (HİSSE SENEDİ YOĞUN FON)
MAD,MEKSA PORTFÖY YÖNETİMİ A.Ş.,AKTİF,Değişken Fon,0.955713,23495275,22454733.13,353,MEKSA PORTFÖY BİRİNCİ DEĞİŞKEN FON
MAS,MARMARA CAPİTAL PORTFÖY YÖNETİMİ A.Ş.,AKTİF,Serbest Fon,11.148486,62805333,700184358.21,191,MARMARA CAPİTAL PORTFÖY HİSSE SENEDİ SERBEST (TL) FON (HİSSE SENEDİ YOĞUN FON)
MBL,MEKSA PORTFÖY YÖNETİMİ A.Ş.,AKTİF,Değişken Fon,0.295073,72981632,21534914.54,212,MEKSA PORTFÖY İKİNCİ DEĞİŞKEN FON
MBR,MT PORTFÖY YÖNETİMİ ANONİM ŞİRKETİ,AKTİF,Borçlanma Araçları Fonu,1.805266,259440012,468358181.9,600,MT PORTFÖY BİRİNCİ BORÇLANMA ARAÇLARI FONU
MCU,AZİMUT PORTFÖY YÖNETİMİ A.Ş.,AKTİF,Serbest Fon,1.4244,164513456,234332888.17,151,AZİMUT PORTFÖY MUTLAK GETİRİ HEDEFLİ HİSSE SENEDİ SERBEST FON (HİSSE SENEDİ YOĞUN FON)
MD1,MT PORTFÖY YÖNETİMİ ANONİM ŞİRKETİ,AKTİF,Değişken Fon,2.167325,95004210,205905029.26,617,MT PORTFÖY BİRİNCİ DEĞİŞKEN FON
MD2,MT PORTFÖY YÖNETİMİ ANONİM ŞİRKETİ,AKTİF,Değişken Fon,2.095529,121782796,255199356.36,606,MT PORTFÖY İKİNCİ DEĞİŞKEN FON
MDF,FİBA PORTFÖY YÖNETİMİ A.Ş.,AKTİF,Serbest Fon,1.392684,386924976,538864229.3,935,FİBA PORTFÖY MODEL EMTİA FON SEPETİ SERBEST FON
MET,GARANTİ PORTFÖY YÖNETİMİ A.Ş.,AKTİF,Değişken Fon,6.07055,123463518,749491510.61,6511,GARANTİ PORTFÖY METAVERSE VE YENİ TEKNOLOJİLER DEĞİŞKEN FON
MGB,İŞ PORTFÖY YÖNETİMİ A.Ş.,AKTİF,Serbest Fon,1.502573,39720150,59682414.11,509,İŞ PORTFÖY MUTLAK GETİRİ HEDEFLİ HİSSE SENEDİ SERBEST FON (HİSSE SENEDİ YOĞUN FON)
MGH,TEB PORTFÖY YÖNETİMİ A.Ş.,AKTİF,Serbest Fon,2.308,212174934,489699707.72,732,TEB PORTFÖY MUTLAK GETİRİ HEDEFLİ HİSSE SENEDİ SERBEST FON (HİSSE SENEDİ YOĞUN FON)
MHF,MT PORTFÖY YÖNETİMİ ANONİM ŞİRKETİ,AKTİF,Hisse Senedi Fonu,1.998614,145863469,291524720.69,2816,MT PORTFÖY BIST HALKA ARZ ŞİRKETLERİ HİSSE SENEDİ FONU (HİSSE SENEDİ YOĞUN FON)
MJB,AKTİF PORTFÖY YÖNETİMİ A.Ş.,AKTİF,Fon Sepeti Fonu,7.619627,6775138,51624021.21,799,AKTİF PORTFÖY BİRİNCİ FON SEPETİ FONU
MJG,AKTİF PORTFÖY YÖNETİMİ A.Ş.,AKTİF,Fon Sepeti Fonu,10.959618,87142331,955046695.05,7278,AKTİF PORTFÖY GÜMÜŞ FON SEPETİ FONU
MJH,AKTİF PORTFÖY YÖNETİMİ A.Ş.,AKTİF,Serbest Fon,4.551971,6335747,28840139.13,35,AKTİF PORTFÖY FORTUNA SERBEST FON
MJL,AKTİF PORTFÖY YÖNETİMİ A.Ş.,AKTİF,Serbest Fon,61.963883,14933668,925348064.14,577,AKTİF PORTFÖY AKTİF SERBEST (DÖVİZ-AVRO) FON
MKA,MARMARA CAPİTAL PORTFÖY YÖNETİMİ A.Ş.,AKTİF,Hisse Senedi Fonu,1.162854,62403310,72565910.35,1668,MARMARA CAPİTAL PORTFÖY KATILIM HİSSE SENEDİ (TL) FONU (HİSSE SENEDİ YOĞUN FON)
MKG,AKTİF PORTFÖY YÖNETİMİ A.Ş.,AKTİF,Altın Ve Diğer Kıymetli Madenler Fonu,17.615978,86141130,1517460261.93,7994,AKTİF PORTFÖY ALTIN KATILIM FONU
MLT,DENİZ PORTFÖY YÖNETİMİ A.Ş,AKTİF,Serbest Fon,1.256152,16246349,20407890.62,74,DENİZ PORTFÖY MELTEM HİSSE SENEDİ SERBEST (TL) FON (HİSSE SENEDİ YOĞUN FON)
MMH,AKTİF PORTFÖY YÖNETİMİ A.Ş.,AKTİF,Hisse Senedi Yoğun,16.062948,12985756,208589519.8,1612,AKTİF PORTFÖY BIST 30 ENDEKSİ HİSSE SENEDİ (TL) FONU (HİSSE SENEDİ YOĞUN FON)
MOZ,EMAA BLUE PORTFÖY YÖNETİMİ ANONİM ŞİRKETİ,AKTİF,Serbest Fon,1.275669,263488955,336124713.71,115,EMAA BLUE PORTFÖY MOZAİK SERBEST FON
MPE,MT PORTFÖY YÖNETİMİ ANONİM ŞİRKETİ,AKTİF,Katılım Fonu,1.422821,92328889,131367524.65,113,MT PORTFÖY PARA PİYASASI KATILIM (TL) FONU
MPF,AKTİF PORTFÖY YÖNETİMİ A.Ş.,AKTİF,Kisa Vadeli Kira Sertifikalari Katilim Fonu,8.549014,182569593,1560790030.25,1939,AKTİF PORTFÖY KISA VADELİ KİRA SERTİFİKASI KATILIM (TL) FONU
MPI,MEKSA PORTFÖY YÖNETİMİ A.Ş.,AKTİF,Serbest Fon,3.196668,23226094,74246114.29,36,MEKSA PORTFÖY İSTATİSTİKSEL ARBİTRAJ SERBEST (TL) FON
MPK,AKTİF PORTFÖY YÖNETİMİ A.Ş.,AKTİF,Katılım Fonu,10.155311,24984457,253724939.19,1513,AKTİF PORTFÖY KİRA SERTİFİKASI KATILIM (TL) FONU
MPL,MT PORTFÖY YÖNETİMİ ANONİM ŞİRKETİ,AKTİF,Para Piyasası Fonu,2.07459,278458246,577686698.13,775,MT PORTFÖY PARA PİYASASI (TL) FONU
MPN,AKTİF PORTFÖY YÖNETİMİ A.Ş.,AKTİF,Serbest Fon,61.51596,5963931,366876939.57,277,AKTİF PORTFÖY İKİNCİ AKTİF SERBEST (DÖVİZ) FON
MPP,MEKSA PORTFÖY YÖNETİMİ A.Ş.,AKTİF,Serbest Fon,21.868615,15033324,328757974.47,1124,MEKSA PORTFÖY PRİME SERBEST FON
MPS,AKTİF PORTFÖY YÖNETİMİ A.Ş.,AKTİF,Hisse Senedi Yoğun,22.788265,5988988,136478650.12,2445,AKTİF PORTFÖY KATILIM HİSSE SENEDİ (TL) FONU (HİSSE SENEDİ YOĞUN FON)
MRI,TEB PORTFÖY YÖNETİMİ A.Ş.,AKTİF,Serbest Fon,1.238973,10984929,13610029.9,113,TEB PORTFÖY MERİDYEN SERBEST FON
MT1,MT PORTFÖY YÖNETİMİ ANONİM ŞİRKETİ,AKTİF,Serbest Fon,46.59238,622256,28992388.2,20,MT PORTFÖY BİRİNCİ SERBEST (DÖVİZ) FON
MT2,MT PORTFÖY YÖNETİMİ ANONİM ŞİRKETİ,AKTİF,Serbest Fon,1.44839,3063426788,4437037694.12,1030,MT PORTFÖY PARA PİYASASI SERBEST (TL) FON
MTD,BV PORTFÖY YÖNETİMİ A.Ş.,AKTİF,Değişken Fon,1.241376,103132904,128026738.53,1469,BV PORTFÖY MALZEME TEKNOLOJİLERİ DEĞİŞKEN FON
MTF,MT PORTFÖY YÖNETİMİ ANONİM ŞİRKETİ,AKTİF,Serbest Fon,1.44627,49466022,71541227.83,40,MT PORTFÖY BİRİNCİ İSTATİSTİKSEL ARBİTRAJ HİSSE SENEDİ SERBEST (TL) FON (HİSSE SENEDİ YOĞUN FON)
MTG,DENİZ PORTFÖY YÖNETİMİ A.Ş,AKTİF,Serbest Fon,1.693525,129091397,218619478,297,DENİZ PORTFÖY MUTLAK GETİRİ HEDEFLİ HİSSE SENEDİ SERBEST FON (HİSSE SENEDİ YOGUN FON)
MTH,MT PORTFÖY YÖNETİMİ ANONİM ŞİRKETİ,AKTİF,Hisse Senedi Fonu,2.087121,113877941,237677040.64,3113,MT PORTFÖY BİRİNCİ HİSSE SENEDİ FONU (HİSSE SENEDİ YOĞUN FON)
MTK,MT PORTFÖY YÖNETİMİ ANONİM ŞİRKETİ,AKTİF,Hisse Senedi Fonu,1.651988,167374815,276501239.67,1008,MT PORTFÖY KATILIM HİSSE SENEDİ (TL) FONU (HİSSE SENEDİ YOĞUN FON)
MTS,AKTİF PORTFÖY YÖNETİMİ A.Ş.,AKTİF,Fon Sepeti Fonu,2.773056,10157644,28167712.24,660,AKTİF PORTFÖY TARIM VE SÜRDÜRÜLEBİLİRLİK FON SEPETİ FONU
MTV,AK PORTFÖY YÖNETİMİ A.Ş.,AKTİF,Değişken Fon,5.294732,26038504,137866907.63,12619,AK PORTFÖY METAVERSE VE DİJİTAL YAŞAM TEKNOLOJİLERİ DEĞİŞKEN FON
MTX,TEB PORTFÖY YÖNETİMİ A.Ş.,AKTİF,Değişken Fon,5.238355,15358904,80455385.45,2019,TEB PORTFÖY ÜÇÜNCÜ DEĞİŞKEN FON
MUT,GARANTİ PORTFÖY YÖNETİMİ A.Ş.,AKTİF,Serbest Fon,1.958929,385109515,754402270.41,1476,GARANTİ PORTFÖY MUTLAK GETİRİ HEDEFLİ HİSSE SENEDİ SERBEST FON (HİSSE SENEDİ YOĞUN FON)
NAK,NEO PORTFÖY YÖNETİMİ A.Ş.,AKTİF,Katılım Fonu,1.075964,112469052,121012652.38,159,NEO PORTFÖY ALTIN KATILIM FONU
NAU,NEO PORTFÖY YÖNETİMİ A.Ş.,AKTİF,Altın Ve Diğer Kıymetli Madenler Fonu,3.101858,676006606,2096876263.2,9197,NEO PORTFÖY ALTIN FONU
NBO,NEO PORTFÖY YÖNETİMİ A.Ş.,AKTİF,Fon Sepeti Fonu,1.554958,1617874751,2515728088.55,395,NEO PORTFÖY BORÇLANMA ARACI FONLARI FON SEPETİ FONU
NBZ,NEO PORTFÖY YÖNETİMİ A.Ş.,AKTİF,Serbest Fon,73.813848,20407608,1506364078.44,270,NEO PORTFÖY BİRİNCİ SERBEST (DÖVİZ) FON
NCS,NUROL PORTFÖY YÖNETİMİ A.Ş.,AKTİF,Serbest Fon,58.762634,130624695,7675851108.27,1737,NUROL PORTFÖY ÜÇÜNCÜ SERBEST (DÖVİZ) FON
NHP,NEO PORTFÖY YÖNETİMİ A.Ş.,AKTİF,Fon Sepeti Fonu,5.68879,2089264,11885385.02,147,NEO PORTFÖY BİRİNCİ FON SEPETİ FONU
NHY,NEO PORTFÖY YÖNETİMİ A.Ş.,AKTİF,Hisse Senedi Fonu,5.412291,23713822,128346097.6,1901,NEO PORTFÖY BİRİNCİ HİSSE SENEDİ (TL) FONU (HİSSE SENEDİ YOĞUN FON)
NJF,NUROL PORTFÖY YÖNETİMİ A.Ş.,AKTİF,Katılım Fonu,12.731006,68059979,866471973.2,1736,NUROL PORTFÖY ALTIN KATILIM FONU
NJR,NUROL PORTFÖY YÖNETİMİ A.Ş.,AKTİF,Borçlanma Araçları Fonu,5.986704,311694714,1866023962.17,2475,NUROL PORTFÖY BİRİNCİ BORÇLANMA ARAÇLARI FONU
NJY,NUROL PORTFÖY YÖNETİMİ A.Ş.,AKTİF,Katılım Fonu,7.721484,52859789,408156022.58,1374,NUROL PORTFÖY BİRİNCİ KATILIM FONU
NKA,NEO PORTFÖY YÖNETİMİ A.Ş.,AKTİF,Serbest Fon,50.33814,2606752,131219047.88,17,NEO PORTFÖY KATILIM SERBEST (DÖVİZ) FON
NKC,NEO PORTFÖY YÖNETİMİ A.Ş.,AKTİF,Hisse Senedi Fonu,1.142735,272737232,311666437.05,1043,NEO PORTFÖY İKİNCİ HİSSE SENEDİ FONU (HİSSE SENEDİ YOĞUN FON)
NKM,NEO PORTFÖY YÖNETİMİ A.Ş.,AKTİF,Hisse Senedi Fonu,0.916608,42480243,38937744.32,419,NEO PORTFÖY KATILIM HİSSE SENEDİ FONU (HİSSE SENEDİ YOĞUN FON)
NKP,NEO PORTFÖY YÖNETİMİ A.Ş.,AKTİF,Değişken Fon,1.102975,131786153,145356816.61,3071,NEO PORTFÖY KAR PAYI ÖDEYEN DEĞİŞKEN FON
NKT,NUROL PORTFÖY YÖNETİMİ A.Ş.,AKTİF,Hisse Senedi Fonu,1.487652,68414744,101777324.42,827,NUROL PORTFÖY BİRİNCİ KATILIM HİSSE SENEDİ FONU (HİSSE SENEDİ YOĞUN FON)
NLE,NUROL PORTFÖY YÖNETİMİ A.Ş.,AKTİF,Hisse Senedi Fonu,1.519357,216999349,329699411.58,9196,NUROL PORTFÖY EMLAK SEKTÖRÜ HİSSE SENEDİ FONU (HİSSE SENEDİ YOĞUN FON)
NLK,NUROL PORTFÖY YÖNETİMİ A.Ş.,AKTİF,Serbest Fon,1.939589,3370674807,6537724318.4,977,NUROL PORTFÖY KISA VADELİ SERBEST FON
NME,NUROL PORTFÖY YÖNETİMİ A.Ş.,AKTİF,Serbest Fon,58.433073,932553,54491937.94,48,NUROL PORTFÖY MERCAN KATILIM SERBEST (DÖVİZ) FON
NMU,NUROL PORTFÖY YÖNETİMİ A.Ş.,AKTİF,Serbest Fon,1.287823,738007398,950422832.22,338,NUROL PORTFÖY MUTLAK GETİRİ HEDEFLİ HİSSE SENEDİ SERBEST FON (HİSSE SENEDİ YOĞUN FON)
NOI,TACİRLER PORTFÖY YÖNETİMİ A.Ş.,AKTİF,Serbest Fon,1.50427,900597725,1354742424.88,14,TACİRLER PORTFÖY NOVA İSTATİSTİKSEL ARBİTRAJ SERBEST FON
NPH,NUROL PORTFÖY YÖNETİMİ A.Ş.,AKTİF,Hisse Senedi Fonu,1.466029,84309439,123600075.26,681,NUROL PORTFÖY BİRİNCİ HİSSE SENEDİ FONU (HİSSE SENEDİ YOĞUN FON)
NRC,NEO PORTFÖY YÖNETİMİ A.Ş.,AKTİF,Değişken Fon,10.383845,19563384,203143149.05,3449,NEO PORTFÖY BİRİNCİ DEĞİŞKEN FON
NRG,NEO PORTFÖY YÖNETİMİ A.Ş.,AKTİF,Para Piyasası Fonu,5.729679,954445375,5468665152.82,3189,NEO PORTFÖY BİRİNCİ PARA PİYASASI FONU
NSA,NEO PORTFÖY YÖNETİMİ A.Ş.,AKTİF,Serbest Fon,2.623759,302398392,793420385.89,330,NEO PORTFÖY PARA PİYASASI KATILIM SERBEST FON
NSD,NUROL PORTFÖY YÖNETİMİ A.Ş.,AKTİF,Serbest Fon,66.485332,256078550,17025467450.33,179,NUROL PORTFÖY DÖRDÜNCÜ SERBEST (DÖVİZ) FON
NSH,NUROL PORTFÖY YÖNETİMİ A.Ş.,AKTİF,Serbest Fon,2.262008,1199667710,2713658145.28,1331,NUROL PORTFÖY İSTATİSTİKSEL ARBİTRAJ HİSSE SENEDİ SERBEST FON (HİSSE SENEDİ YOĞUN FON)
NSK,NEO PORTFÖY YÖNETİMİ A.Ş.,AKTİF,Serbest Fon,6.969476,17956544,125147704.45,81,NEO PORTFÖY BİRİNCİ SERBEST FON
NSP,NUROL PORTFÖY YÖNETİMİ A.Ş.,AKTİF,Katılım Fonu,1.896565,614954591,1166301335.95,2650,NUROL PORTFÖY PARA PİYASASI KATILIM FONU
NST,İŞ PORTFÖY YÖNETİMİ A.Ş.,AKTİF,Hisse Senedi Fonu,1.11348,44266470,49289849.83,3193,İŞ PORTFÖY EMLAK SEKTÖRÜ HİSSE SENEDİ FONU (HİSSE SENEDİ YOĞUN FON)
NSY,NEO PORTFÖY YÖNETİMİ A.Ş.,AKTİF,Serbest Fon,1.479177,975480483,1442907942.98,59,NEO PORTFÖY YEDİNCİ SERBEST FON
NTB,AZİMUT PORTFÖY YÖNETİMİ A.Ş.,AKTİF,Serbest Fon,5.466566,550964070,3011881723.12,1,AZİMUT PORTFÖY AVŞAR HİSSE SENEDİ SERBEST FON (HİSSE SENEDİ YOĞUN FON)
NTI,NEO PORTFÖY YÖNETİMİ A.Ş.,AKTİF,Değişken Fon,1.58574,151448925,240158607.68,1406,NEO PORTFÖY TEKNOLOJİ VE İNOVASYON DEĞİŞKEN FON
NUB,NUROL PORTFÖY YÖNETİMİ A.Ş.,AKTİF,Serbest Fon,60.797387,34655942,2106990733.95,899,NUROL PORTFÖY BEŞİNCİ SERBEST (DÖVİZ) FON
NUH,NEO PORTFÖY YÖNETİMİ A.Ş.,AKTİF,Hisse Senedi Fonu,1.224081,42454110,51967275.04,800,NEO PORTFÖY ÜÇÜNCÜ HİSSE SENEDİ FONU (HİSSE SENEDİ YOĞUN FON)
NVB,NEO PORTFÖY YÖNETİMİ A.Ş.,AKTİF,Para Piyasası Fonu,4.957085,1004437523,4979081795.57,4551,NEO PORTFÖY İKİNCİ PARA PİYASASI (TL) FON
NVK,INVEO PORTFÖY YÖNETİMİ A.Ş.,AKTİF,Serbest Fon,47.473835,3417346,162234520.11,19,INVEO PORTFÖY KATILIM SERBEST (DÖVİZ) FON
NVT,NEO PORTFÖY YÖNETİMİ A.Ş.,AKTİF,Serbest Fon,4.778045,2276780005,10878556686.87,106,NEO PORTFÖY ÜÇÜNCÜ SERBEST (TL) FON
NVZ,NEO PORTFÖY YÖNETİMİ A.Ş.,AKTİF,Serbest Fon,58.886676,8790309,517632074.16,329,NEO PORTFÖY ORSA SERBEST (DÖVİZ) FON
NZH,NEO PORTFÖY YÖNETİMİ A.Ş.,AKTİF,Değişken Fon,3.357287,156700027,526086891.91,294,NEO PORTFÖY İKİNCİ DEĞİŞKEN FON
NZT,NEO PORTFÖY YÖNETİMİ A.Ş.,AKTİF,Serbest Fon,6.235613,529184941,3299792304.23,372,NEO PORTFÖY PARA PİYASASI SERBEST FON
NZU,NUROL PORTFÖY YÖNETİMİ A.Ş.,AKTİF,Serbest Fon,51.892847,875776,45446510.21,31,NUROL PORTFÖY ZÜMRÜT KATILIM SERBEST (DÖVİZ) FON
OBI,OYAK PORTFÖY YÖNETİMİ A.Ş.,AKTİF,Borçlanma Araçları Fonu,3.231313,91660416,296183454.51,490,OYAK PORTFÖY İKİNCİ BORÇLANMA ARAÇLARI (TL) FONU
OBP,OYAK PORTFÖY YÖNETİMİ A.Ş.,AKTİF,Değişken Fon,0.207433,182416586,37839222.82,836,OYAK PORTFÖY İKİNCİ DEĞİŞKEN FON
ODD,OYAK PORTFÖY YÖNETİMİ A.Ş.,AKTİF,Serbest Fon,11.161505,42065249,469511470.68,30,OYAK PORTFÖY DÖRDÜNCÜ SERBEST FON
ODG,ONE PORTFÖY YÖNETİMİ A.Ş.,AKTİF,Değişken Fon,1.163455,56685172,65950661.58,32,ONE PORTFÖY İKİNCİ DEĞİŞKEN FON
ODP,OSMANLI PORTFÖY YÖNETİMİ A.Ş.,AKTİF,Serbest Fon,7.235635,41298558,298821297.11,137,OSMANLI PORTFÖY BİRİNCİ SERBEST FON
ODS,OYAK PORTFÖY YÖNETİMİ A.Ş.,AKTİF,Serbest Fon,70.182594,1683521,118153870.3,107,OYAK PORTFÖY İKİNCİ SERBEST(DÖVİZ) FON
ODV,AK PORTFÖY YÖNETİMİ A.Ş.,AKTİF,Fon Sepeti Fonu,19.132872,80531292,1540794861.61,3767,AK PORTFÖY ÜÇÜNCÜ FON SEPETİ FONU
OFI,OYAK PORTFÖY YÖNETİMİ A.Ş.,AKTİF,Fon Sepeti Fonu,4.048788,38432000,155603039.57,570,OYAK PORTFÖY İKİNCİ FON SEPETİ FONU
OFS,OYAK PORTFÖY YÖNETİMİ A.Ş.,AKTİF,Fon Sepeti Fonu,8.238276,22448978,184940873.04,428,OYAK PORTFÖY BİRİNCİ FON SEPETİ FONU
OGD,OYAK PORTFÖY YÖNETİMİ A.Ş.,AKTİF,Katılım Fonu,11.682599,66510009,777009752.98,3085,OYAK PORTFÖY ALTIN KATILIM FONU
OHB,OYAK PORTFÖY YÖNETİMİ A.Ş.,AKTİF,Hisse Senedi Fonu,23.019893,57942389,1333827623.2,1043,OYAK PORTFÖY BİRİNCİ HİSSE SENEDİ (TL) FONU (HİSSE SENEDİ YOĞUN FON)
OHK,OYAK PORTFÖY YÖNETİMİ A.Ş.,AKTİF,Hisse Senedi Fonu,2.776388,15488623,43002425.82,1383,OYAK PORTFÖY KATILIM HİSSE SENEDİ (TL) FONU (HİSSE SENEDİ YOĞUN FON)
OIL,OSMANLI PORTFÖY YÖNETİMİ A.Ş.,AKTİF,Fon Sepeti Fonu,3.909913,11301606,44188292.4,663,OSMANLI PORTFÖY ALTIN FON SEPETİ FONU
OIR,OSMANLI PORTFÖY YÖNETİMİ A.Ş.,AKTİF,Fon Sepeti Fonu,5.071984,3686478,18697756.44,224,OSMANLI PORTFÖY DENGELİ FON SEPETİ FONU
OJB,QNB PORTFÖY YÖNETİMİ A.Ş.,AKTİF,Serbest Fon,54.222085,495145493,26847821163.74,6681,QNB PORTFÖY BEŞİNCİ SERBEST (DÖVİZ) FON
OJK,QNB PORTFÖY YÖNETİMİ A.Ş.,AKTİF,Altın Fonu,13.475844,3437153056,46318537800.13,27468,QNB PORTFÖY ALTIN FONU
OJT,QNB PORTFÖY YÖNETİMİ A.Ş.,AKTİF,Fon Sepeti Fonu,12.760349,355154436,4531894663.73,11017,QNB PORTFÖY TEKNOLOJİ FON SEPETİ FONU
OKD,OYAK PORTFÖY YÖNETİMİ A.Ş.,AKTİF,Değişken Fon,0.601874,137417746,82708104.58,978,OYAK PORTFÖY BİRİNCİ DEĞİŞKEN FON
OKP,OYAK PORTFÖY YÖNETİMİ A.Ş.,AKTİF,Borçlanma Araçları Fonu,6.637665,14413726,95673478.54,428,OYAK PORTFÖY BİRİNCİ KISA VADELİ BORÇLANMA ARAÇLARI (TL) FONU
OKT,OYAK PORTFÖY YÖNETİMİ A.Ş.,AKTİF,Borçlanma Araçları Fonu,0.167993,665716132,111835517.66,846,OYAK PORTFÖY BİRİNCİ BORÇLANMA ARAÇLARI FONU
OLA,OSMANLI PORTFÖY YÖNETİMİ A.Ş.,AKTİF,Serbest Fon,54.143769,378109,20472245.78,31,OSMANLI PORTFÖY İKİNCİ SERBEST (DÖVİZ- AVRO) FON
OLD,QNB PORTFÖY YÖNETİMİ A.Ş.,AKTİF,Fon Sepeti Fonu,3.067956,42794846,131292700.62,5380,QNB PORTFÖY TEMİZ ENERJİ VE SU FON SEPETİ FONU
OLE,OSMANLI PORTFÖY YÖNETİMİ A.Ş.,AKTİF,Fon Sepeti Fonu,5.215197,73306054,382305509.66,486,OSMANLI PORTFÖY BİRİNCİ FON SEPETİ FONU
OMG,AZİMUT PORTFÖY YÖNETİMİ A.Ş.,AKTİF,Hisse Senedi Fonu,1.747913,713137762,1246502987.71,689,AZİMUT PORTFÖY İKİNCİ HİSSE SENEDİ FONU (HİSSE SENEDİ YOĞUN FON)
OMT,OSMANLI PORTFÖY YÖNETİMİ A.Ş.,AKTİF,Katılım Fonu,1.021357,94122758,96132966.05,90,OSMANLI PORTFÖY PARA PİYASASI KATILIM (TL) FONU
ONE,AKTİF PORTFÖY YÖNETİMİ A.Ş.,AKTİF,Serbest Fon,1.400513,20391513,28558577.38,666,AKTİF PORTFÖY BİRİNCİ HİSSE SENEDİ SERBEST (TL) FON (HİSSE SENEDİ YOĞUN FON)
ONK,AK PORTFÖY YÖNETİMİ A.Ş.,AKTİF,Serbest Fon,61.007012,1520825899,92781044341,21007,AK PORTFÖY ONİKİNCİ SERBEST (DÖVİZ-AVRO) FON
ONN,AKTİF PORTFÖY YÖNETİMİ A.Ş.,AKTİF,Serbest Fon,6.625124,268555406,1779212776.37,633,AKTİF PORTFÖY AKTİF ONİKS SERBEST (TL) FON
ONS,İŞ PORTFÖY YÖNETİMİ A.Ş.,AKTİF,Serbest Fon,55.154205,3041406269,167746344489,23789,İŞ PORTFÖY ONİKİNCİ SERBEST (DÖVİZ) FON
OPB,OSMANLI PORTFÖY YÖNETİMİ A.Ş.,AKTİF,Değişken Fon,13.339997,3711255,49508131.45,424,OSMANLI PORTFÖY BİRİNCİ DEĞİŞKEN FON
OPD,OSMANLI PORTFÖY YÖNETİMİ A.Ş.,AKTİF,Serbest Fon,8.742611,7946235,69470843.8,19,OSMANLI PORTFÖY ANKA SERBEST FON
OPF,OSMANLI PORTFÖY YÖNETİMİ A.Ş.,AKTİF,Değişken Fon,3.257528,134170544,437064369.08,995,OSMANLI PORTFÖY AGRESİF DEĞİŞKEN FON
OPH,OSMANLI PORTFÖY YÖNETİMİ A.Ş.,AKTİF,Hisse Senedi Fonu,23.722682,35176128,834472085.22,2444,OSMANLI PORTFÖY BİRİNCİ HİSSE SENEDİ FONU(HİSSE SENEDİ YOĞUN FON)
OPI,OSMANLI PORTFÖY YÖNETİMİ A.Ş.,AKTİF,Hisse Senedi Fonu,21.470133,9369610,201166769.71,1505,OSMANLI PORTFÖY KAR PAYI ÖDEYEN HİSSE SENEDİ (TL) FONU (HİSSE SENEDİ YOĞUN FON)
OPL,OSMANLI PORTFÖY YÖNETİMİ A.Ş.,AKTİF,Değişken Fon,9.609975,3590664,34506192.22,466,OSMANLI PORTFÖY İKİNCİ DEĞİŞKEN FON
ORC,ASTRA PORTFÖY YÖNETİMİ A.Ş.,AKTİF,Serbest Fon,1.28091,934858482,1197469956.67,55,ASTRA PORTFÖY ALFA SERBEST FON
OSD,OSMANLI PORTFÖY YÖNETİMİ A.Ş.,AKTİF,Borçlanma Araçları Fonu,14.63915,42283265,618991060,847,OSMANLI PORTFÖY ÖZEL SEKTÖR BORÇLANMA ARAÇLARI FONU
OSL,OSMANLI PORTFÖY YÖNETİMİ A.Ş.,AKTİF,Borçlanma Araçları Fonu,0.160065,11012294014,1762687184.94,4128,OSMANLI PORTFÖY KISA VADELİ BORÇLANMA ARAÇLARI (TL) FONU
OTJ,OYAK PORTFÖY YÖNETİMİ A.Ş.,AKTİF,Fon Sepeti Fonu,7.228027,433370799,3132415973.55,21257,OYAK PORTFÖY KIYMETLİ MADENLER KATILIM FON SEPETİ FONU
OTK,OYAK PORTFÖY YÖNETİMİ A.Ş.,AKTİF,Serbest Fon,8.612306,491161,4230028.83,67,OYAK PORTFÖY BİRİNCİ KATILIM SERBEST FON
OTM,AZİMUT PORTFÖY YÖNETİMİ A.Ş.,AKTİF,Değişken Fon,1.276227,11181231,14269789.25,93,AZİMUT PORTFÖY OTOMOTİV SEKTÖRÜ DEĞİŞKEN FON
OUD,OSMANLI PORTFÖY YÖNETİMİ A.Ş.,AKTİF,Serbest Fon,67.632487,2215473,149837949.6,117,OSMANLI PORTFÖY ATLANTİK SERBEST (DÖVİZ) FON
OVD,QNB PORTFÖY YÖNETİMİ A.Ş.,AKTİF,Fon Sepeti Fonu,3.638105,257705095,937558105.48,3310,QNB PORTFÖY EMTİA FON SEPETİ FONU
PAL,AK PORTFÖY YÖNETİMİ A.Ş.,AKTİF,Serbest Fon,58.076509,2635954778,153087052341.09,30629,AK PORTFÖY ALTINCI SERBEST(DÖVİZ) FON
PBK,ASTRA PORTFÖY YÖNETİMİ A.Ş.,AKTİF,Serbest Fon,58.72692,1713388,100621999.67,109,ASTRA PORTFÖY BİRİNCİ KATILIM SERBEST (DÖVİZ) FON
PBN,PİRAMİT PORTFÖY YÖNETİMİ ANONİM ŞİRKETİ,AKTİF,Serbest Fon,1.596056,287296687,458541593.89,557,PİRAMİT PORTFÖY BİRİNCİ HİSSE SENEDİ SERBEST FON (HİSSE SENEDİ YOĞUN FON)
PDD,ASTRA PORTFÖY YÖNETİMİ A.Ş.,AKTİF,Katılım Fonu,6.058147,136219022,825234852.71,175,ASTRA PORTFÖY KATILIM FONU
PDF,ASTRA PORTFÖY YÖNETİMİ A.Ş.,AKTİF,Serbest Fon,61.318372,7745852,474963030.64,53,ASTRA PORTFÖY BİRİNCİ SERBEST (DÖVİZ) FON
PEA,PERFORM PORTFÖY YÖNETİMİ A.Ş.,AKTİF,Altın Ve Diğer Kıymetli Madenler Fonu,1.473405,47263574,69638386.69,101,PERFORM PORTFÖY ALTIN FONU
PFO,PHİLLİP PORTFÖY YÖNETİMİ A.Ş.,AKTİF,Fon Sepeti Fonu,2.364078,32513983,76865577.38,282,PHİLLİP PORTFÖY FON SEPETİ FONU
PGD,ASTRA PORTFÖY YÖNETİMİ A.Ş.,AKTİF,Değişken Fon,1.822399,102512633,186818920.08,143,ASTRA PORTFÖY AGRESİF DEĞİŞKEN FON
PGS,AZİMUT PORTFÖY YÖNETİMİ A.Ş.,AKTİF,Hisse Senedi Fonu,1.22347,123627809,151254972.48,417,AZİMUT PORTFÖY PAY GERİ ALIMI YAPAN ŞİRKETLER HİSSE SENEDİ FONU (HİSSE SENEDİ YOĞUN FON)
PHF,PİRAMİT PORTFÖY YÖNETİMİ ANONİM ŞİRKETİ,AKTİF,Serbest Fon,1.358273,312142042,423974102.07,225,PİRAMİT PORTFÖY BİST 50 DIŞI ŞİRKETLER HİSSE SENEDİ SERBEST FON (HİSSE SENEDİ YOĞUN FON)
PHI,PİRAMİT PORTFÖY YÖNETİMİ ANONİM ŞİRKETİ,AKTİF,Hisse Senedi Fonu,1.487156,51173227,76102596.58,133,PİRAMİT PORTFÖY HİSSE SENEDİ FONU (HİSSE SENEDİ YOĞUN FON)
PHK,PHİLLİP PORTFÖY YÖNETİMİ A.Ş.,AKTİF,Hisse Senedi Fonu,1.515372,51964135,78744971.45,356,PHİLLİP PORTFÖY KATILIM HİSSE SENEDİ FONU (HİSSE SENEDİ YOĞUN FON)
PID,PİRAMİT PORTFÖY YÖNETİMİ ANONİM ŞİRKETİ,AKTİF,Değişken Fon,1.885978,28140713,53072764.33,96,PİRAMİT PORTFÖY DEĞİŞKEN FON
PIL,ROTA PORTFÖY YÖNETİMİ A.Ş.,AKTİF,Fon Sepeti Fonu,3.831092,106435551,407764420.52,7582,ROTA PORTFÖY PİL TEKNOLOJİLERİ VE ENERJİ FON SEPETİ FONU
PIP,GARANTİ PORTFÖY YÖNETİMİ A.Ş.,AKTİF,Serbest Fon,1.729639,3112637506,5383739533.67,370,GARANTİ PORTFÖY İKİNCİ PARA PİYASASI SERBEST (TL) FON
PIR,PİRAMİT PORTFÖY YÖNETİMİ ANONİM ŞİRKETİ,AKTİF,Altın Ve Diğer Kıymetli Madenler Fonu,1.678969,60460324,101511029.94,834,PİRAMİT PORTFÖY ALTIN FONU
PJL,PHİLLİP PORTFÖY YÖNETİMİ A.Ş.,AKTİF,Para Piyasası Fonu,5.340276,236343098,1262137355.4,652,PHİLLİP PORTFÖY PARA PİYASASI FONU
PJP,PERFORM PORTFÖY YÖNETİMİ A.Ş.,AKTİF,Serbest Fon,50.536957,8054932,407071748.31,14,PERFORM PORTFÖY BİRİNCİ SERBEST (DÖVİZ) FON
PK1,AHLATCI PORTFÖY YÖNETİMİ ANONİM ŞİRKETİ,AKTİF,Katılım Fonu,1.074854,22169726,23829221.44,150,AHLATCI PORTFÖY PARA PİYASASI KATILIM (TL) FONU
PKF,ATA PORTFÖY YÖNETİMİ A.Ş.,AKTİF,Katılım Fonu,4.744189,81866442,388389834.56,1529,ATA PORTFÖY ALTIN KATILIM FONU
PKP,ATA PORTFÖY YÖNETİMİ A.Ş.,AKTİF,Serbest Fon,1.292519,303741036,392591131.96,91,ATA PORTFÖY PARA PİYASASI KATILIM SERBEST FON
PKR,ROTA PORTFÖY YÖNETİMİ A.Ş.,AKTİF,Katılım Fonu,1.578384,433215428,683780295.88,199,ROTA PORTFÖY PARA PİYASASI KATILIM FONU
PKT,YAPI KREDİ PORTFÖY YÖNETİMİ A.Ş.,AKTİF,Serbest Fon,1.63913,5540440623,9081501829.49,1153,YAPI KREDİ PORTFÖY PARA PİYASASI KATILIM SERBEST (TL) FON
PLR,OSMANLI PORTFÖY YÖNETİMİ A.Ş.,AKTİF,Para Piyasası Fonu,1.718039,445653633,765650431.91,955,OSMANLI PORTFÖY PARA PİYASASI FONU
PPB,PHİLLİP PORTFÖY YÖNETİMİ A.Ş.,AKTİF,Hisse Senedi Fonu,9.243712,37340829,345167867.81,1470,PHİLLİP PORTFÖY BİRİNCİ HİSSE SENEDİ FONU (HİSSE SENEDİ YOĞUN FON)
PPD,PERFORM PORTFÖY YÖNETİMİ A.Ş.,AKTİF,Serbest Fon,33.31913,63096142,2102308536.08,104,PERFORM PORTFÖY HİSSE SENEDİ SERBEST FON (HİSSE SENEDİ YOĞUN FON)
PPE,PHİLLİP PORTFÖY YÖNETİMİ A.Ş.,AKTİF,Serbest Fon,63.064689,11648277,734594963.23,60,PHİLLİP PORTFÖY SERBEST (DÖVİZ) FON
PPG,ALBARAKA PORTFÖY YÖNETİMİ A.Ş.,AKTİF,Katılım Fonu,1.493317,1200820480,1793205063.08,1687,ALBARAKA PORTFÖY PARA PİYASASI KATILIM FONU
PPI,YAPI KREDİ PORTFÖY YÖNETİMİ A.Ş.,AKTİF,Para Piyasası Fonu,2.345864,1754247125,4115224643.5,3029,YAPI KREDİ PORTFÖY ÜÇÜNCÜ PARA PİYASASI (TL) FONU
PPJ,AK PORTFÖY YÖNETİMİ A.Ş.,AKTİF,Serbest Fon,1.903964,39033772977,74318879594.43,6681,AK PORTFÖY İKİNCİ PARA PİYASASI SERBEST (TL) FON
PPK,QNB PORTFÖY YÖNETİMİ A.Ş.,AKTİF,Katılım Fonu,2.313292,2409124101,5573006543.79,3189,QNB PORTFÖY PARA PİYASASI KATILIM (TL) FONU
PPM,PİRAMİT PORTFÖY YÖNETİMİ ANONİM ŞİRKETİ,AKTİF,Serbest Fon,2.231836,59764953,133385593.06,136,PİRAMİT PORTFÖY MUTLAK GETİRİ HEDEFLİ HİSSE SENEDİ SERBEST FON (HİSSE SENEDİ YOĞUN FON)
PPN,NUROL PORTFÖY YÖNETİMİ A.Ş.,AKTİF,Para Piyasası Fonu,5.935281,2094857614,12433567826.29,12996,NUROL PORTFÖY PARA PİYASASI (TL) FONU
PPP,PERFORM PORTFÖY YÖNETİMİ A.Ş.,AKTİF,Para Piyasası Fonu,3.208855,1374947427,4412006257.23,346,PERFORM PORTFÖY PARA PİYASASI (TL) FONU
PPS,PHİLLİP PORTFÖY YÖNETİMİ A.Ş.,AKTİF,Serbest Fon,4.227381,266641668,1127196024.55,2207,PHİLLİP PORTFÖY BİRİNCİ SERBEST FON
PPV,AKTİF PORTFÖY YÖNETİMİ A.Ş.,AKTİF,Serbest Fon,1.183456,2285587293,2704892325.55,174,AKTİF PORTFÖY PARA PİYASASI SERBEST (TL) FON
PPZ,AZİMUT PORTFÖY YÖNETİMİ A.Ş.,AKTİF,Para Piyasası Fonu,6.769959,1700959940,11515429122.89,8306,AZİMUT PORTFÖY PARA PİYASASI (TL) FONU
PRD,PİRAMİT PORTFÖY YÖNETİMİ ANONİM ŞİRKETİ,AKTİF,Para Piyasası Fonu,2.411588,179359230,432540574.15,586,PİRAMİT PORTFÖY PARA PİYASASI (TL) FONU
PRH,AURA PORTFÖY YÖNETİMİ A.Ş.,AKTİF,Para Piyasası Fonu,2.248516,277082345,623023976.28,263,AURA PORTFÖY PARA PİYASASI (TL) FONU
PRR,INVEO PORTFÖY YÖNETİMİ A.Ş.,AKTİF,Katılım Fonu,1.371933,468226843,642375904.44,159,INVEO PORTFÖY PARA PİYASASI KATILIM (TL) FONU
PRU,ALLBATROSS PORTFÖY YÖNETİMİ ANONİM ŞİRKETİ,AKTİF,Serbest Fon,3.782235,664128513,2511889980.71,1243,ALLBATROSS PORTFÖY KISA VADELİ SERBEST (TL) FON
PRV,ASTRA PORTFÖY YÖNETİMİ A.Ş.,AKTİF,Serbest Fon,1.382969,1719406786,2377886658.35,70,ASTRA PORTFÖY PARA PİYASASI SERBEST FON
PSH,DENİZ PORTFÖY YÖNETİMİ A.Ş,AKTİF,Hisse Senedi Fonu,0.971955,19513535,18966283.95,332,DENİZ PORTFÖY PERAKENDE SEKTÖRÜ HİSSE SENEDİ (TL) FONU (HİSSE SENEDİ YOĞUN FON)
PSL,AZİMUT PORTFÖY YÖNETİMİ A.Ş.,AKTİF,Serbest Fon,8.678783,30647834,265985897.68,49,AZİMUT PORTFÖY 8.0 SERBEST FON
PTE,TEB PORTFÖY YÖNETİMİ A.Ş.,AKTİF,Serbest Fon,1.748026,31533029161,55120542269.6,4929,TEB PORTFÖY BİRİNCİ PARA PİYASASI SERBEST (TL) FON
PTF,QNB PORTFÖY YÖNETİMİ A.Ş.,AKTİF,Serbest Fon,1.473513,753721432,1110618679.23,280,QNB PORTFÖY TREND SERBEST FON
PTN,PHİLLİP PORTFÖY YÖNETİMİ A.Ş.,AKTİF,Altın Ve Diğer Kıymetli Madenler Fonu,1.625357,560987931,911805809.85,827,PHİLLİP PORTFÖY ALTIN FONU
PTP,AHLATCI PORTFÖY YÖNETİMİ ANONİM ŞİRKETİ,AKTİF,Para Piyasası Fonu,1.228551,148616471,182582925.25,317,AHLATCI PORTFÖY PARA PİYASASI (TL) FONU
PTS,QNB PORTFÖY YÖNETİMİ A.Ş.,AKTİF,Serbest Fon,1.647247,6550547641,10790368040.37,1017,QNB PORTFÖY PARA PİYASASI SERBEST (TL) FON
PUC,AK PORTFÖY YÖNETİMİ A.Ş.,AKTİF,Serbest Fon,7.596222,563056363,4277100984.6,773,AK PORTFÖY BİRİNCİ KISA VADELİ SERBEST (TL)  FON
PUH,PERFORM PORTFÖY YÖNETİMİ A.Ş.,AKTİF,Serbest Fon,1.567057,272571524,427135250.37,24,PERFORM PORTFÖY ÜÇÜNCÜ HİSSE SENEDİ SERBEST (TL) FON (HİSSE SENEDİ YOĞUN FON)
PVK,ALBARAKA PORTFÖY YÖNETİMİ A.Ş.,AKTİF,Serbest Fon,5.924838,6807241753,40331805164.25,8258,ALBARAKA PORTFÖY KISA VADELİ KATILIM SERBEST (TL) FON
RAF,ROTA PORTFÖY YÖNETİMİ A.Ş.,AKTİF,Serbest Fon,3.684669,32292971,118988902.86,13,ROTA PORTFÖY ALTINCI SERBEST FON
RBA,ALBARAKA PORTFÖY YÖNETİMİ A.Ş.,AKTİF,Katılım Fonu,21.548641,83729684,1804260867.28,5314,ALBARAKA PORTFÖY BEREKET VAKFI NA DESTEK ALTIN KATILIM FONU
RBB,RE-PIE PORTFÖY YÖNETİMİ A.Ş.,AKTİF,Borçlanma Araçları Fonu,1.708563,14556735,24871097.49,39,RE-PIE PORTFÖY BİRİNCİ BORÇLANMA ARAÇLARI (TL) FONU
RBF,ROTA PORTFÖY YÖNETİMİ A.Ş.,AKTİF,Borçlanma Araçları Fonu,1.81252,5838560,10582507.6,77,ROTA PORTFÖY BİRİNCİ BORÇLANMA ARAÇLARI FONU
RBH,ALBARAKA PORTFÖY YÖNETİMİ A.Ş.,AKTİF,Hisse Senedi Yoğun,31.919152,27571975,880074059.55,5222,ALBARAKA PORTFÖY KATILIM HİSSE SENEDİ FONU (HİSSE SENEDİ YOĞUN FON)
RBI,RE-PIE PORTFÖY YÖNETİMİ A.Ş.,AKTİF,Serbest Fon,61.224768,1211163,74153173.22,117,RE-PIE PORTFÖY BİRİNCİ SERBEST (DÖVİZ) FON
RBK,ALBARAKA PORTFÖY YÖNETİMİ A.Ş.,AKTİF,Katılım Fonu,8.945126,4670071,41774372.56,1127,ALBARAKA PORTFÖY KATILIM FONU
RBL,QNB PORTFÖY YÖNETİMİ A.Ş.,AKTİF,Serbest Fon,1.837461,126152719,231800751.2,796,QNB PORTFÖY ROBOTİK VE BLOCKCHAİN TEKNOLOJİLERİ SERBEST FON
RBN,RE-PIE PORTFÖY YÖNETİMİ A.Ş.,AKTİF,Serbest Fon,1.40516,24595100,34560049.31,129,RE-PIE PORTFÖY BEŞİNCİ HİSSE SENEDİ SERBEST (TL) FON (HİSSE SENEDİ YOĞUN FON)
RBP,RE-PIE PORTFÖY YÖNETİMİ A.Ş.,AKTİF,Para Piyasası Fonu,2.335022,773129444,1805274124.62,1122,RE-PIE PORTFÖY BİRİNCİ PARA PİYASASI (TL) FONU
RBR,RE-PIE PORTFÖY YÖNETİMİ A.Ş.,AKTİF,Serbest Fon,3.926073,31717867,124526671.13,953,RE-PIE  PORTFÖY BİRİNCİ KATILIM SERBEST FON
RBT,ALBARAKA PORTFÖY YÖNETİMİ A.Ş.,AKTİF,Kira Sertifikası Fonu,6.765627,216351383,1463752687.14,3035,ALBARAKA PORTFÖY KİRA SERTİFİKALARI  KATILIM FONU
RBV,ALBARAKA PORTFÖY YÖNETİMİ A.Ş.,AKTİF,Kisa Vadeli Kira Sertifikalari Katilim Fonu,7.100885,1297413839,9212786480.98,18516,ALBARAKA PORTFÖY KISA VADELİ KİRA SERTİFİKALARI KATILIM (TL) FONU
RCV,AZİMUT PORTFÖY YÖNETİMİ A.Ş.,AKTİF,Katılım Fonu,1.744824,35740591,62361035.81,141,AZİMUT PORTFÖY BİRİNCİ ÇOKLU VARLIK KATILIM FONU
RD1,ROTA PORTFÖY YÖNETİMİ A.Ş.,AKTİF,Değişken Fon,1.961106,34209330,67088134.1,143,ROTA PORTFÖY BİRİNCİ DEĞİŞKEN FON
RDF,ROTA PORTFÖY YÖNETİMİ A.Ş.,AKTİF,Serbest Fon,1.502978,238509207,358474022.22,557,ROTA PORTFÖY DOKUZUNCU HİSSE SENEDİ SERBEST FON (HİSSE SENEDİ YOĞUN FON)
RDT,PHİLLİP PORTFÖY YÖNETİMİ A.Ş.,AKTİF,Serbest Fon,0.907001,86806512,78733579.85,62,PHİLLİP PORTFÖY RODOSTO SERBEST FON
RFM,ROTA PORTFÖY YÖNETİMİ A.Ş.,AKTİF,Fon Sepeti Fonu,1.167854,71667904,83697671.14,610,ROTA PORTFÖY ENERJİ VE METAL FON SEPETİ FONU
RGD,RE-PIE PORTFÖY YÖNETİMİ A.Ş.,AKTİF,Değişken Fon,1.075591,23049756,24792118.7,120,RE-PIE PORTFÖY AGRESİF DEĞİŞKEN FON
RGH,RE-PIE PORTFÖY YÖNETİMİ A.Ş.,AKTİF,Serbest Fon,1.151489,31804530,36622579.88,24,RE-PIE PORTFÖY MUTLAK GETİRİ HEDEFLİ HİSSE SENEDİ SERBEST FON (HİSSE SENEDİ YOĞUN FON)
RHI,RE-PIE PORTFÖY YÖNETİMİ A.Ş.,AKTİF,Hisse Senedi Fonu,1.655212,34211813,56627803.17,434,RE-PIE PORTFÖY BİRİNCİ HİSSE SENEDİ (TL) FONU (HİSSE SENEDİ YOĞUN FON)
RHS,ROTA PORTFÖY YÖNETİMİ A.Ş.,AKTİF,Hisse Senedi Fonu,6.903259,104139652,718903030.18,1433,ROTA PORTFÖY HİSSE SENEDİ (TL) FON (HİSSE SENEDİ YOĞUN FON)
RIA,ROTA PORTFÖY YÖNETİMİ A.Ş.,AKTİF,Serbest Fon,1.401646,8527284,11952234.92,47,ROTA PORTFÖY İSTATİSTİKSEL ARBİTRAJ HİSSE SENEDİ SERBEST FON (HİSSE SENEDİ YOĞUN FON)
RIH,RE-PIE PORTFÖY YÖNETİMİ A.Ş.,AKTİF,Serbest Fon,9.745979,9423392,91840182.03,948,RE-PIE PORTFÖY İKİNCİ HİSSE SENEDİ SERBEST FON (HİSSE SENEDİ YOĞUN FON)
RIK,RE-PIE PORTFÖY YÖNETİMİ A.Ş.,AKTİF,Değişken Fon,5.428904,88629940,481163449.78,3353,RE-PIE PORTFÖY İKİNCİ DEĞİŞKEN FON
RJG,RE-PIE PORTFÖY YÖNETİMİ A.Ş.,AKTİF,Katılım Fonu,3.467366,16509002,57242753.52,530,RE-PIE PORTFÖY ALTIN KATILIM FONU
RKC,ROTA PORTFÖY YÖNETİMİ A.Ş.,AKTİF,Değişken Fon,1.755265,16734324,29373180.14,255,ROTA PORTFÖY İKİNCİ DEĞİŞKEN FON
RKH,RE-PIE PORTFÖY YÖNETİMİ A.Ş.,AKTİF,Serbest Fon,0.979,8000267,7832260.64,69,RE-PIE PORTFÖY KATILIM HİSSE SENEDİ SERBEST (TL) FON (HİSSE SENEDİ YOĞUN FON)
RKS,ROTA PORTFÖY YÖNETİMİ A.Ş.,AKTİF,Katılım Fonu,2.088488,44020835,91936994.12,148,ROTA PORTFÖY KİRA SERTİFİKALARI KATILIM FONU
RKV,RE-PIE PORTFÖY YÖNETİMİ A.Ş.,AKTİF,Serbest Fon,2.669563,289710877,773401562.19,219,RE-PIE PORTFÖY KISA VADELİ KATILIM SERBEST (TL) FON
RLH,ROTA PORTFÖY YÖNETİMİ A.Ş.,AKTİF,Serbest Fon,1.72499,162733213,280713135.84,39,ROTA PORTFÖY YİRMİNCİ SERBEST FON
ROF,ROTA PORTFÖY YÖNETİMİ A.Ş.,AKTİF,Serbest Fon,3.100501,152853655,473922849.98,372,ROTA PORTFÖY ONUNCU HİSSE SENEDİ SERBEST FON (HİSSE SENEDİ YOĞUN FON)
RPC,ROTA PORTFÖY YÖNETİMİ A.Ş.,AKTİF,Değişken Fon,5.152545,4589258,23646357.75,566,ROTA PORTFÖY İKLİM DEĞİŞİKLİĞİ ÇÖZÜMLERİ DEĞİŞKEN FON
RPD,RE-PIE PORTFÖY YÖNETİMİ A.Ş.,AKTİF,Değişken Fon,14.355682,17006555,244140692.05,1755,RE-PIE PORTFÖY BİRİNCİ DEĞİŞKEN FON
RPG,ROTA PORTFÖY YÖNETİMİ A.Ş.,AKTİF,Altın Fonu,6.235973,155539571,969940586.09,1626,ROTA PORTFÖY ALTIN FONU
RPI,ROTA PORTFÖY YÖNETİMİ A.Ş.,AKTİF,Hisse Senedi Fonu,1.419507,10267210,14574373.46,310,ROTA PORTFÖY KATILIM HİSSE SENEDİ FONU (HİSSE SENEDİ YOĞUN FON)
RPL,RE-PIE PORTFÖY YÖNETİMİ A.Ş.,AKTİF,Serbest Fon,1.76607,70044514,123703516.9,13,RE-PIE PORTFÖY ALGORİTMİK STRATEJİLER SERBEST FON
RPM,ROTA PORTFÖY YÖNETİMİ A.Ş.,AKTİF,Değişken Fon,4.406187,20269351,89310543.8,2950,ROTA PORTFÖY İLAÇ VE MEDİKAL TEKNOLOJİLERİ DEĞİŞKEN FON
RPN,ROTA PORTFÖY YÖNETİMİ A.Ş.,AKTİF,Serbest Fon,4.832589,159059117,768667277.56,23,ROTA PORTFÖY NEV SERBEST FON
RPP,ROTA PORTFÖY YÖNETİMİ A.Ş.,AKTİF,Para Piyasası Fonu,5.099347,1235033016,6297862454.35,7360,ROTA PORTFÖY PARA PİYASASI (TL) FONU
RPS,ROTA PORTFÖY YÖNETİMİ A.Ş.,AKTİF,Serbest Fon,64.252486,2728583,175318241.69,93,ROTA PORTFÖY BİRİNCİ SERBEST (DÖVİZ) FON
RPT,ROTA PORTFÖY YÖNETİMİ A.Ş.,AKTİF,Serbest Fon,5.284973,233713833,1235171397.27,163,ROTA PORTFÖY İKİNCİ SERBEST (TL) FON
RPX,ROTA PORTFÖY YÖNETİMİ A.Ş.,AKTİF,Serbest Fon,64.042191,9672500,619448096.91,121,ROTA PORTFÖY ÜÇÜNCÜ SERBEST (DÖVİZ) FON
RRA,ROTA PORTFÖY YÖNETİMİ A.Ş.,AKTİF,Serbest Fon,1.543541,656272734,1012984127.88,161,ROTA PORTFÖY PARA PİYASASI SERBEST FON
RRP,RE-PIE PORTFÖY YÖNETİMİ A.Ş.,AKTİF,Katılım Fonu,1.688997,428696314,724066898.9,77,RE-PIE PORTFÖY PARA PİYASASI KATILIM (TL) FON
RS1,ROTA PORTFÖY YÖNETİMİ A.Ş.,AKTİF,Serbest Fon,1.660681,562840777,934699072.97,126,ROTA PORTFÖY BİRİNCİ KISA VADELİ SERBEST FON
RSK,ROTA PORTFÖY YÖNETİMİ A.Ş.,AKTİF,Serbest Fon,1.812122,126176145,228646530.76,218,ROTA PORTFÖY ONSEKİZİNCİ SERBEST FON
RTD,RE-PIE PORTFÖY YÖNETİMİ A.Ş.,AKTİF,Değişken Fon,1.994225,10939678,21816179.34,429,RE-PIE PORTFÖY TEKNOLOJİ DEĞİŞKEN FON
RTG,ATA PORTFÖY YÖNETİMİ A.Ş.,AKTİF,Değişken Fon,5.602135,40236960,225412895.84,4686,ATA PORTFÖY ROBOTİK TEKNOLOJİLERİ DEĞİŞKEN FON
RTH,RE-PIE PORTFÖY YÖNETİMİ A.Ş.,AKTİF,Serbest Fon,5.581348,2514301,14033189.28,225,RE-PIE PORTFÖY BİRİNCİ HİSSE SENEDİ SERBEST FON (HİSSE SENEDİ YOĞUN FON)
RTP,RE-PIE PORTFÖY YÖNETİMİ A.Ş.,AKTİF,Serbest Fon,11.96291,22133691,264783344.52,1156,RE-PIE PORTFÖY BİRİNCİ SERBEST FON
RUT,BV PORTFÖY YÖNETİMİ A.Ş.,AKTİF,Değişken Fon,2.458211,66810008,164233100.61,4570,BV PORTFÖY ROBOTİK VE UZAY TEKNOLOJİLERİ DEĞİŞKEN FON
RYF,ROTA PORTFÖY YÖNETİMİ A.Ş.,AKTİF,Serbest Fon,11.43147,32748340,374361658.07,63,ROTA PORTFÖY YEDİNCİ HİSSE SENEDİ SERBEST (TL) FON (HİSSE SENEDİ YOĞUN FON)
SAS,AK PORTFÖY YÖNETİMİ A.Ş.,AKTİF,Hisse Senedi Fonu,1.480376,577734464,855264117.58,40568,AK PORTFÖY SABANCI TOPLULUĞU ŞİRKETLERİ ENDEKSİ HİSSE SENEDİ (TL) FONU (HİSSE SENEDİ YOĞUN FON)
SBH,SPARTA PORTFÖY YÖNETİMİ A.Ş.,AKTİF,Serbest Fon,1.676961,179594891,301173648.48,587,SPARTA PORTFÖY BİRİNCİ HİSSE SENEDİ SERBEST (TL) FON (HİSSE SENEDİ YOĞUN FON)
SD1,SPARTA PORTFÖY YÖNETİMİ A.Ş.,AKTİF,Değişken Fon,0.972981,45059738,43842287.19,172,SPARTA PORTFÖY BİRİNCİ DEĞİŞKEN FON
SFS,AZİMUT PORTFÖY YÖNETİMİ A.Ş.,AKTİF,Fon Sepeti Fonu,1.393616,22288586,31061719.26,80,AZİMUT PORTFÖY AGRESİF FON SEPETİ FONU
SGK,EMAA BLUE PORTFÖY YÖNETİMİ ANONİM ŞİRKETİ,AKTİF,Değişken Fon,0.960653,200545622,192654720.18,73,EMAA BLUE PORTFÖY BİYOTEKNOLOJİ VE SAĞLIK SEKTÖRÜ DEĞİŞKEN FON
SGT,GARANTİ PORTFÖY YÖNETİMİ A.Ş.,AKTİF,Değişken Fon,2.016164,92823735,187147837.66,2669,GARANTİ PORTFÖY SİBER GÜVENLİK TEKNOLOJİLERİ DEĞİŞKEN FON
SHC,STRATEJİ PORTFÖY YÖNETİMİ A.Ş.,AKTİF,Hisse Senedi Fonu,0.998673,76194550,76093451.67,145,STRATEJİ PORTFÖY İKİNCİ HİSSE SENEDİ FONU (HİSSE SENEDİ YOĞUN FON)
SHE,TEB PORTFÖY YÖNETİMİ A.Ş.,AKTİF,Değişken Fon,3.355693,15128375,50766183.97,628,TEB PORTFÖY ÖNCE KADIN DEĞİŞKEN FON
SHU,SPARTA PORTFÖY YÖNETİMİ A.Ş.,AKTİF,Serbest Fon,1.36242,160041926,218044273.57,22,SPARTA PORTFÖY ÜÇÜNCÜ HİSSE SENEDİ SERBEST (TL) FON (HİSSE SENEDİ YOĞUN FON)
SKO,STRATEJİ PORTFÖY YÖNETİMİ A.Ş.,AKTİF,Hisse Senedi Fonu,1.583225,111117721,175924324.29,2921,STRATEJİ PORTFÖY KAR PAYI ÖDEYEN HİSSE SENEDİ FONU (HİSSE SENEDİ YOĞUN FON)
SKZ,NEO PORTFÖY YÖNETİMİ A.Ş.,AKTİF,Serbest Fon,1.039879,229862968,239029600.91,607,NEO PORTFÖY SEKİZİNCİ SERBEST FON
SLG,QNB PORTFÖY YÖNETİMİ A.Ş.,AKTİF,Hisse Senedi Fonu,1.265806,338511119,428489309.61,723,QNB PORTFÖY ALGORİTMİK STRATEJİLER HİSSE SENEDİ FONU (HİSSE SENEDİ YOĞUN FON)
SPE,AZİMUT PORTFÖY YÖNETİMİ A.Ş.,AKTİF,Serbest Fon,109.466844,40948957,4482553067.64,1256,AZIMUT PORTFÖY 5.0 SERBEST (DÖVIZ) FON
SPN,AZİMUT PORTFÖY YÖNETİMİ A.Ş.,AKTİF,Serbest Fon,10.203829,150818715,1538928370.13,349,AZİMUT PORTFÖY İSTATİSTİKSEL ARBİTRAJ HİSSE SENEDİ SERBEST FON (HİSSE SENEDİ YOĞUN FON)
SPP,SPARTA PORTFÖY YÖNETİMİ A.Ş.,AKTİF,Para Piyasası Fonu,1.641394,206828995,339487884.65,676,SPARTA PORTFÖY BİRİNCİ PARA PİYASASI (TL) FONU
SPR,BV PORTFÖY YÖNETİMİ A.Ş.,AKTİF,Değişken Fon,1.260295,6569911,8280023.42,160,BV PORTFÖY SPOR ENDÜSTRİSİ DEĞİŞKEN FON
SPT,AKTİF PORTFÖY YÖNETİMİ A.Ş.,AKTİF,Fon Sepeti Fonu,2.168581,42618407,92421477.4,881,AKTİF PORTFÖY KATILIM FON SEPETİ FONU
SSK,DENİZ PORTFÖY YÖNETİMİ A.Ş,AKTİF,Değişken Fon,1.753241,25690857,45042267.8,573,DENİZ PORTFÖY SAĞLIK SEKTÖRÜ DEĞİŞKEN FON
SSS,YAPI KREDİ PORTFÖY YÖNETİMİ A.Ş.,AKTİF,Hisse Senedi Fonu,1.332028,166678501,222020494.67,5149,YAPI KREDİ PORTFÖY SAVUNMA SANAYİİ ŞİRKETLERİ ENDEKSİ HİSSE SENEDİ FONU (HİSSE SENEDİ YOĞUN FON)
ST1,STRATEJİ PORTFÖY YÖNETİMİ A.Ş.,AKTİF,Hisse Senedi Fonu,171.354637,3345615,573286585.26,2295,STRATEJİ PORTFÖY BİRİNCİ HİSSE SENEDİ FONU (HİSSE SENEDİ YOĞUN FON)
SUA,ÜNLÜ PORTFÖY YÖNETİMİ A.Ş.,AKTİF,Değişken Fon,0.605173,4152953574,2513253320.51,1162,ÜNLÜ PORTFÖY BİRİNCİ DEĞİŞKEN FON
SUB,ÜNLÜ PORTFÖY YÖNETİMİ A.Ş.,AKTİF,Değişken Fon,0.38049,273610863,104106272.8,730,ÜNLÜ PORTFÖY İKİNCİ DEĞİŞKEN FON
SUC,ÜNLÜ PORTFÖY YÖNETİMİ A.Ş.,AKTİF,Değişken Fon,22.91598,25717001,589330279.29,508,ÜNLÜ PORTFÖY ÜÇÜNCÜ DEĞIŞKEN FON
SUR,EMAA BLUE PORTFÖY YÖNETİMİ ANONİM ŞİRKETİ,AKTİF,Hisse Senedi Fonu,1.10219,187454123,206610049.84,87,EMAA BLUE PORTFÖY SÜRDÜRÜLEBİLİRLİK HİSSE SENEDİ FONU (HİSSE SENEDİ YOĞUN FON)
SVB,STRATEJİ PORTFÖY YÖNETİMİ A.Ş.,AKTİF,Değişken Fon,8.925703,23330576,208241802.7,1247,STRATEJİ PORTFÖY AGRESİF DEĞİŞKEN FON
TAR,AK PORTFÖY YÖNETİMİ A.Ş.,AKTİF,Değişken Fon,2.509846,53868040,135200510.99,6691,AK PORTFÖY TARIM VE GIDA TEKNOLOJİLERİ DEĞİŞKEN FON
TAU,İŞ PORTFÖY YÖNETİMİ A.Ş.,AKTİF,Hisse Senedi Fonu,0.589894,3900373385,2300805151.95,34433,İŞ PORTFÖY BIST BANKA ENDEKSİ HİSSE SENEDİ (TL) FONU (HİSSE SENEDİ YOĞUN FON)
TBT,TEB PORTFÖY YÖNETİMİ A.Ş.,AKTİF,Borçlanma Araçları Fonu,54.707428,9160868,501167499.97,2516,TEB PORTFÖY BORÇLANMA ARAÇLARI FONU
TBV,İŞ PORTFÖY YÖNETİMİ A.Ş.,AKTİF,Borçlanma Araçları Fonu,0.42168,2946603329,1242523582.4,7802,İŞ PORTFÖY ÖZEL SEKTÖR BORÇLANMA ARAÇLARI (TL) FONU
TCA,ZİRAAT PORTFÖY YÖNETİMİ A.Ş.,AKTİF,Katılım Fonu,0.782232,17376340720,13592322770.28,45207,ZİRAAT PORTFÖY ALTIN KATILIM FONU
TCB,TACİRLER PORTFÖY YÖNETİMİ A.Ş.,AKTİF,Para Piyasası Fonu,0.24131,12481379930,3011886405.31,4606,TACİRLER PORTFÖY PARA PİYASASI FONU
TCC,TACİRLER PORTFÖY YÖNETİMİ A.Ş.,AKTİF,Serbest Fon,0.080237,5149025926,413140751.28,407,TACİRLER PORTFÖY SERBEST ( DÖVİZ ) FON
TCD,TACİRLER PORTFÖY YÖNETİMİ A.Ş.,AKTİF,Değişken Fon,46.141026,29376898,1355480203.97,11537,TACİRLER PORTFÖY DEĞIŞKEN FON
TCF,TEB PORTFÖY YÖNETİMİ A.Ş.,AKTİF,Fon Sepeti Fonu,4.653531,682727223,3177092395.17,2759,TEB PORTFÖY ÜÇÜNCÜ FON SEPETİ FONU
TDG,İŞ PORTFÖY YÖNETİMİ A.Ş.,AKTİF,Borçlanma Araçları Fonu,0.528977,1240107861,655988517.39,2083,İŞ PORTFÖY YABANCI BORÇLANMA ARAÇLARI FONU
TE3,TEB PORTFÖY YÖNETİMİ A.Ş.,AKTİF,Değişken Fon,40.322925,27844347,1122765503.91,3005,TEB PORTFÖY MUTLAK GETİRİ HEDEFLİ DEĞİŞKEN FON
TE4,TEB PORTFÖY YÖNETİMİ A.Ş.,AKTİF,Değişken Fon,6.713109,381514114,2561145897.69,1538,TEB PORTFÖY BİRİNCİ DEĞİŞKEN FON
TEJ,AZİMUT PORTFÖY YÖNETİMİ A.Ş.,AKTİF,Fon Sepeti Fonu,2.732854,247874790,677405527.57,1306,AZİMUT PORTFÖY TEKNOLOJİ FON SEPETİ FONU
TFF,TEB PORTFÖY YÖNETİMİ A.Ş.,AKTİF,Yabancı Fon Sepeti Fonu,43.668686,30243094,1320676189.18,8917,TEB PORTFÖY AMERİKA TEKNOLOJİ YABANCI BYF FON SEPETİ FONU
TFU,İŞ PORTFÖY YÖNETİMİ A.Ş.,AKTİF,Borçlanma Araçları Fonu,1.309438,155913896,204159645.84,1183,İŞ PORTFÖY TÜFEYE ENDEKSLİ BORÇLANMA ARAÇLARI (TL) FONU
TGA,GARANTİ PORTFÖY YÖNETİMİ A.Ş.,AKTİF,Değişken Fon,0.461837,1667628538,770172641.48,6155,GARANTİ PORTFÖY AGRESİF DEĞİŞKEN FON
TGE,İŞ PORTFÖY YÖNETİMİ A.Ş.,AKTİF,Yabancı Fon Sepeti Fonu,0.31085,9951315288,3093361720.36,38401,İŞ PORTFÖY EMTİA YABANCI BYF FON SEPETİ FONU
TGR,AK PORTFÖY YÖNETİMİ A.Ş.,AKTİF,Değişken Fon,6.436036,15747420,101350959.24,5564,AK PORTFÖY TURİZM VE SEYAHAT SEKTÖRÜ DEĞİŞKEN FON
THD,TRIVE PORTFÖY YÖNETİMİ A.Ş.,AKTİF,Hisse Senedi Fonu,2.480025,3410311,8457656.43,196,TRIVE PORTFÖY BİRİNCİ HİSSE SENEDİ (TL) FON (HİSSE SENEDİ YOĞUN FON)
THT,TRIVE PORTFÖY YÖNETİMİ A.Ş.,AKTİF,Serbest Fon,0.160489,30533904,4900363.59,316,TRİVE PORTFÖY HİSSE SENEDİ SERBEST FON (HİSSE SENEDİ YOĞUN FON)
TI2,İŞ PORTFÖY YÖNETİMİ A.Ş.,AKTİF,Hisse Senedi Fonu,0.119013,25452999795,3029244246.72,20530,İŞ PORTFÖY HİSSE SENEDİ (TL) FONU (HİSSE SENEDİ YOĞUN FON)
TI3,İŞ PORTFÖY YÖNETİMİ A.Ş.,AKTİF,Hisse Senedi Fonu,0.104579,17512661195,1831453922.72,21169,İŞ PORTFÖY İŞ BANKASI İŞTİRAKLERİ ENDEKSİ HİSSE SENEDİ (TL) FONU (HİSSE SENEDİ YOĞUN FON)
TI4,İŞ PORTFÖY YÖNETİMİ A.Ş.,AKTİF,Değişken Fon,0.066557,28995943853,1929886371.7,13892,İŞ PORTFÖY TEMKİNLİ DEĞİŞKEN FON
TI6,İŞ PORTFÖY YÖNETİMİ A.Ş.,AKTİF,Borçlanma Araçları Fonu,0.054971,12222814739,671904323.79,5074,İŞ PORTFÖY BORÇLANMA ARAÇLARI (TL) FONU
TI7,İŞ PORTFÖY YÖNETİMİ A.Ş.,AKTİF,Değişken Fon,80.127666,14678458,1176150579.63,9604,İŞ PORTFÖY DENGELİ DEĞİŞKEN FON
TIE,İŞ PORTFÖY YÖNETİMİ A.Ş.,AKTİF,Hisse Senedi Fonu,0.725902,2745933249,1993277885.89,21156,İŞ PORTFÖY BIST 30 ENDEKSİ HİSSE SENEDİ (TL) FONU (HİSSE SENEDİ YOĞUN FON)
TIL,İŞ PORTFÖY YÖNETİMİ A.Ş.,AKTİF,Hisse Senedi Fonu,1.302575,59888392,78009151.54,1731,İŞ PORTFÖY KATILIM HİSSE SENEDİ (TL) FONU (HİSSE SENEDİ YOĞUN FON)
TJF,TEB PORTFÖY YÖNETİMİ A.Ş.,AKTİF,Fon Sepeti Fonu,5.170826,10085419,52149942.39,537,TEB PORTFÖY SÜRDÜRÜLEBİLİRLİK FON SEPETİ FONU
TJI,TEB PORTFÖY YÖNETİMİ A.Ş.,AKTİF,Fon Sepeti Fonu,6.367749,76912090,489756879.74,879,TEB PORTFÖY İKİNCİ FON SEPETİ FONU
TJT,TEB PORTFÖY YÖNETİMİ A.Ş.,AKTİF,Serbest Fon,68.395258,31494659,2154085341.83,1812,TEB PORTFÖY ALTINCI SERBEST (DÖVİZ-AVRO) FON
TKF,TACİRLER PORTFÖY YÖNETİMİ A.Ş.,AKTİF,Hisse Senedi Fonu,64.259047,14248998,915627027.49,4211,TACİRLER PORTFÖY HİSSE SENEDİ FONU (HİSSE SENEDİ YOĞUN FON)
TLE,AURA PORTFÖY YÖNETİMİ A.Ş.,AKTİF,Borçlanma Araçları Fonu,28.321054,18597723,526707113.13,896,AURA PORTFÖY YABANCI BORÇLANMA ARAÇLARI FONU
TLH,AURA PORTFÖY YÖNETİMİ A.Ş.,AKTİF,Hisse Senedi Fonu,24.885316,4591017,114248908.52,305,AURA PORTFÖY HİSSE SENEDİ FONU (HİSSE SENEDİ YOĞUN FON)
TLK,AKTİF PORTFÖY YÖNETİMİ A.Ş.,AKTİF,Katılım Fonu,1.817131,1886991009,3428909221.38,1298,AKTİF PORTFÖY PARA PİYASASI KATILIM (TL) FONU
TLZ,ATA PORTFÖY YÖNETİMİ A.Ş.,AKTİF,Hisse Senedi Fonu,18.004928,3892492,70084038.69,868,ATA PORTFÖY KATILIM HİSSE SENEDİ (TL) FONU (HİSSE SENEDİ YOĞUN FON)
TMC,İŞ PORTFÖY YÖNETİMİ A.Ş.,AKTİF,Değişken Fon,0.165136,761780281,125797161.03,11296,İŞ PORTFÖY TEMA DEĞİŞKEN FON
TMG,İŞ PORTFÖY YÖNETİMİ A.Ş.,AKTİF,Hisse Senedi Fonu,1.455139,3510008360,5107550037.02,36045,İŞ PORTFÖY YABANCI HİSSE SENEDİ FONU
TMU,AZİMUT PORTFÖY YÖNETİMİ A.Ş.,AKTİF,Fon Sepeti Fonu,1.443378,39251876,56655312.93,88,AZİMUT PORTFÖY TEMKİNLİ FON SEPETİ FONU
TMZ,İŞ PORTFÖY YÖNETİMİ A.Ş.,AKTİF,Fon Sepeti Fonu,1.977697,27015300,53428074.55,2589,İŞ PORTFÖY SÜRDÜRÜLEBİLİRLİK VE TARIM FON SEPETİ FONU
TND,İŞ PORTFÖY YÖNETİMİ A.Ş.,AKTİF,Değişken Fon,1.543145,117553056,181401456.4,511,İŞ PORTFÖY TTF TENİSE DESTEK DEĞİŞKEN FON
TOT,TEB PORTFÖY YÖNETİMİ A.Ş.,AKTİF,Borçlanma Araçları Fonu,977.815038,119497,116845963.64,637,TEB PORTFÖY ÖZEL SEKTÖR BORÇLANMA ARAÇLARI FONU
TPC,TEB PORTFÖY YÖNETİMİ A.Ş.,AKTİF,Fon Sepeti Fonu,13.100565,430942132,5645585588.75,11728,TEB PORTFÖY KIYMETLİ MADENLER FON SEPETİ FONU
TPF,TACİRLER PORTFÖY YÖNETİMİ A.Ş.,AKTİF,Borçlanma Araçları Fonu,11.299016,11534732,130331116.96,507,TACİRLER PORTFÖY BORÇLANMA ARAÇLARI FONU
TPJ,TEB PORTFÖY YÖNETİMİ A.Ş.,AKTİF,Serbest Fon,79.57883,29949036,2383309248.73,1487,TEB PORTFÖY BİRİNCİ SERBEST (DÖVİZ) FON
TPL,TEB PORTFÖY YÖNETİMİ A.Ş.,AKTİF,Borçlanma Araçları Fonu,21.20107,23468703,497561610.41,1521,TEB PORTFÖY EUROBOND (DÖVİZ) BORÇLANMA ARAÇLARI FONU
TPP,TEB PORTFÖY YÖNETİMİ A.Ş.,AKTİF,Serbest Fon,77.476026,23871000,1849430228.34,384,TEB PORTFÖY PUSULA SERBEST FON
TPV,AURA PORTFÖY YÖNETİMİ A.Ş.,AKTİF,Değişken Fon,10.407788,756289,7871295.58,41,AURA PORTFÖY İKİNCİ DEĞİŞKEN FON
TPZ,TEB PORTFÖY YÖNETİMİ A.Ş.,AKTİF,Katılım Fonu,28.882916,5310157,153372818.33,1496,TEB PORTFÖY KİRA SERTİFİKALARI (DÖVİZ) KATILIM FONU
TRO,TRIVE PORTFÖY YÖNETİMİ A.Ş.,AKTİF,Altın Ve Diğer Kıymetli Madenler Fonu,2.517636,10640902,26789923.18,355,TRIVE PORTFÖY ALTIN FONU
TTA,İŞ PORTFÖY YÖNETİMİ A.Ş.,AKTİF,Altın Fonu,0.620949,42147290801,26171335824,226560,İŞ PORTFÖY ALTIN FONU
TTE,İŞ PORTFÖY YÖNETİMİ A.Ş.,AKTİF,Hisse Senedi Fonu,1.405061,2179948888,3062960883.05,44780,İŞ PORTFÖY BIST TEKNOLOJİ AĞIRLIK SINIRLAMALI ENDEKSİ HİSSE SENEDİ (TL) FONU (HİSSE SENEDİ YOĞUN FON)
TTL,TACİRLER PORTFÖY YÖNETİMİ A.Ş.,AKTİF,Serbest Fon,37.272493,7850603,292611544.83,339,TACİRLER PORTFÖY KARTOPU SERBEST FON
TTV,TACİRLER PORTFÖY YÖNETİMİ A.Ş.,AKTİF,Serbest Fon,8.985843,302071915,2714370757.9,36,TACİRLER PORTFÖY VEGA SERBEST (TL)  FON
TUA,TEB PORTFÖY YÖNETİMİ A.Ş.,AKTİF,Altın Fonu,1.460688,10233460710,14947889049.18,30891,TEB PORTFÖY ALTIN FONU
TVE,EMAA BLUE PORTFÖY YÖNETİMİ ANONİM ŞİRKETİ,AKTİF,Katılım Fonu,1.078542,201700463,217542517.57,346,EMAA BLUE PORTFÖY TARIM VE GIDA SEKTÖRÜ KATILIM FONU
TVN,TRIVE PORTFÖY YÖNETİMİ A.Ş.,AKTİF,Fon Sepeti Fonu,3.005772,4064080,12215699.77,537,TRIVE PORTFÖY BİRİNCİ FON SEPETİ FONU
TYH,TEB PORTFÖY YÖNETİMİ A.Ş.,AKTİF,Hisse Senedi Fonu,1.948406,499438726,973109243.83,6137,TEB PORTFÖY HİSSE SENEDİ FONU (HİSSE SENEDİ YOĞUN FON)
TZD,ZİRAAT PORTFÖY YÖNETİMİ A.Ş.,AKTİF,Hisse Senedi Fonu,2.362319,264688844,625279514.53,7935,ZİRAAT PORTFÖY HİSSE SENEDİ FONU (HİSSE SENEDİ YOĞUN FON)
TZT,ZİRAAT PORTFÖY YÖNETİMİ A.Ş.,AKTİF,Borçlanma Araçları Fonu,0.172463,1939469605,334485810.12,5839,ZİRAAT PORTFÖY BORÇLANMA ARAÇLARI (TL) FONU
ULH,ÜNLÜ PORTFÖY YÖNETİMİ A.Ş.,AKTİF,Serbest Fon,6.615032,193094865,1277328765.57,235,ÜNLÜ PORTFÖY ONUNCU SERBEST FON
UNT,İŞ PORTFÖY YÖNETİMİ A.Ş.,AKTİF,Serbest Fon,1.606842,6782982131,10899178972.21,290,İŞ PORTFÖY ÜÇÜNCÜ SERBEST (TL) FON
UP1,ÜNLÜ PORTFÖY YÖNETİMİ A.Ş.,AKTİF,Altın Ve Diğer Kıymetli Madenler Fonu,6.242718,223285719,1393909728.66,1410,ÜNLÜ PORTFÖY ALTIN FONU
UP2,ÜNLÜ PORTFÖY YÖNETİMİ A.Ş.,AKTİF,Serbest Fon,4.339524,659258212,2860866508.63,322,ÜNLÜ PORTFÖY PARA PİYASASI SERBEST FON
UPD,ÜNLÜ PORTFÖY YÖNETİMİ A.Ş.,AKTİF,Serbest Fon,22.205655,109969900,2441953701.48,249,ÜNLÜ PORTFÖY DÖRDÜNCÜ SERBEST (DÖVIZ) FON
UPH,ÜNLÜ PORTFÖY YÖNETİMİ A.Ş.,AKTİF,Hisse Senedi Fonu,28.66764,3368350,96562646.39,497,ÜNLÜ PORTFÖY HİSSE SENEDİ (TL) FONU(HİSSE SENEDİ YOĞUN FON)
UPP,ÜNLÜ PORTFÖY YÖNETİMİ A.Ş.,AKTİF,Para Piyasası Fonu,7.224933,368377662,2661503966.98,901,ÜNLÜ PORTFÖY PARA PİYASASI (TL) FONU
URA,ATA PORTFÖY YÖNETİMİ A.Ş.,AKTİF,Değişken Fon,1.807593,320314541,578998359.45,8791,ATA PORTFÖY ENERJİ DEĞİŞKEN FON
USY,ÜNLÜ PORTFÖY YÖNETİMİ A.Ş.,AKTİF,Serbest Fon,0.262942,5151329655,1354501437.4,387,ÜNLÜ PORTFÖY DEĞER YATIRIMLARI SERBEST FON
VAY,AK PORTFÖY YÖNETİMİ A.Ş.,AKTİF,Hisse Senedi Fonu,1.471784,30520707,44919899,2920,AK PORTFÖY DEĞER ODAKLI 100 ŞİRKETLERİ HİSSE SENEDİ (TL) FONU (HİSSE SENEDİ YOĞUN FON)
VCY,AK PORTFÖY YÖNETİMİ A.Ş.,AKTİF,Değişken Fon,3.394808,45856985,155675671.2,12058,AK PORTFÖY ELEKTRİKLİ VE OTONOM ARAÇ TEKNOLOJİLERİ DEĞİŞKEN FON
VFK,ZİRAAT PORTFÖY YÖNETİMİ A.Ş.,AKTİF,Kisa Vadeli Kira Sertifikalari Katilim Fonu,5.614752,948099382,5323342772.2,5883,ZİRAAT PORTFÖY İKİNCİ KISA VADELİ KİRA SERTİFİKALARI KATILIM (TL) FONU
VFO,V PORTFÖY YÖNETİMİ ANONİM ŞİRKETİ,AKTİF,Katılım Fonu,1.008252,394116327,397368729.62,8144,V PORTFÖY ALTIN KATILIM FONU
VHK,V PORTFÖY YÖNETİMİ ANONİM ŞİRKETİ,AKTİF,Hisse Senedi Fonu,0.886037,57398274,50857005.53,710,V PORTFÖY KATILIM HİSSE SENEDİ (TL) FONU (HİSSE SENEDİ YOĞUN FON)
VHS,VAKIF KATILIM PORTFÖY YÖNETİMİ ANONİM ŞİRKETİ,AKTİF,Hisse Senedi Yoğun,0.918754,59191924,54382824.88,507,VAKIF KATILIM PORTFÖY KATILIM HİSSE SENEDİ FONU (HİSSE SENEDİ YOĞUN FON)
VKK,VAKIF KATILIM PORTFÖY YÖNETİMİ ANONİM ŞİRKETİ,AKTİF,Katılım Fonu,1.114229,97443405,108574232.77,538,VAKIF KATILIM PORTFÖY KİRA SERTİFİKALARI KATILIM FONU
VKV,VAKIF KATILIM PORTFÖY YÖNETİMİ ANONİM ŞİRKETİ,AKTİF,Katılım Fonu,1.113723,8921761858,9936367438.69,1140,VAKIF KATILIM PORTFÖY KISA VADELİ KİRA SERTİFİKALARI KATILIM FONU
VLT,VAKIF KATILIM PORTFÖY YÖNETİMİ ANONİM ŞİRKETİ,AKTİF,Katılım Fonu,1.018549,72064476,73401164.97,697,VAKIF KATILIM PORTFÖY ALTIN KATILIM FONU
VMV,VEGA PORTFÖY YÖNETİMİ ANONİM ŞİRKETİ,AKTİF,Serbest Fon,2.863188,2700227172,7731257945.42,138,VEGA PORTFÖY MAVİ SERBEST FON
VNK,VEGA PORTFÖY YÖNETİMİ ANONİM ŞİRKETİ,AKTİF,Serbest Fon,2.459159,1476318344,3630501495.85,227,VEGA PORTFÖY ANKA SERBEST FON
VPA,VAKIF KATILIM PORTFÖY YÖNETİMİ ANONİM ŞİRKETİ,AKTİF,Katılım Fonu,1.140827,6434242695,7340354868.86,3403,VAKIF KATILIM PORTFÖY PARA PİYASASI KATILIM FONU
VPD,V PORTFÖY YÖNETİMİ ANONİM ŞİRKETİ,AKTİF,Değişken Fon,1.009233,7615890,7686208.16,184,V PORTFÖY BİRİNCİ DEĞİŞKEN FON
VPE,V PORTFÖY YÖNETİMİ ANONİM ŞİRKETİ,AKTİF,Değişken Fon,1.009469,6211736,6270557.41,140,V PORTFÖY İKİNCİ DEĞİŞKEN FON
VPH,V PORTFÖY YÖNETİMİ ANONİM ŞİRKETİ,AKTİF,Hisse Senedi Fonu,0.926342,31223787,28923895.25,722,V PORTFÖY HİSSE SENEDİ (TL) FONU (HİSSE SENEDİ YOĞUN FON)
VPP,VEGA PORTFÖY YÖNETİMİ ANONİM ŞİRKETİ,AKTİF,Serbest Fon,55.051102,24955737,1373840816.53,555,VEGA PORTFÖY PARLA SERBEST (DÖVİZ) FON
VPS,VEGA PORTFÖY YÖNETİMİ ANONİM ŞİRKETİ,AKTİF,Serbest Fon,0.770294,1033574150,796155614.82,5198,VEGA PORTFÖY SALUR HİSSE SENEDİ SERBEST (TL) FON (HİSSE SENEDİ YOĞUN FON)
VRK,DENİZ PORTFÖY YÖNETİMİ A.Ş,AKTİF,Katılım Fonu,1.313799,34666207,45544426.56,163,DENİZ PORTFÖY ÇOKLU VARLIK KATILIM FONU
YAC,YAPI KREDİ PORTFÖY YÖNETİMİ A.Ş.,AKTİF,Fon Sepeti Fonu,14.728796,366799073,5402508667.51,9768,YAPI KREDİ PORTFÖY İKİNCİ FON SEPETİ FONU
YAE,YAPI KREDİ PORTFÖY YÖNETİMİ A.Ş.,AKTİF,Borçlanma Araçları Fonu,1.211427,69291973,83942167.14,615,YAPI KREDİ PORTFÖY TLREF'E ENDEKSLİ BORÇLANMA ARAÇLARI (TL) FONU
YAK,YAPI KREDİ PORTFÖY YÖNETİMİ A.Ş.,AKTİF,Karma Fon,5.145935,216617038,1114697293.62,107868,YAPI KREDİ PORTFÖY KARMA FON
YAN,YAPI KREDİ PORTFÖY YÖNETİMİ A.Ş.,AKTİF,Fon Sepeti Fonu,14.947676,126810483,1895522016.8,3602,YAPI KREDİ PORTFÖY BİRİNCİ FON SEPETİ FONU
YAS,YAPI KREDİ PORTFÖY YÖNETİMİ A.Ş.,AKTİF,Hisse Senedi Fonu,14.423597,417568838,6022844710.45,60872,YAPI KREDİ PORTFÖY KOÇ HOLDİNG İŞTİRAK VE HİSSE SENEDİ FONU(HİSSE SENEDİ YOĞUN FON)
YAY,YAPI KREDİ PORTFÖY YÖNETİMİ A.Ş.,AKTİF,Hisse Senedi Fonu,1823.667058,7132546,13007389176.77,43496,YAPI KREDİ PORTFÖY YABANCI TEKNOLOJİ SEKTÖRÜ HİSSE SENEDİ FONU
YBE,YAPI KREDİ PORTFÖY YÖNETİMİ A.Ş.,AKTİF,Borçlanma Araçları Fonu,1.843739,2687270669,4954626529.21,13901,YAPI KREDİ PORTFÖY EUROBOND (DOLAR) BORÇLANMA ARAÇLARI FONU
YBH,YAPI KREDİ PORTFÖY YÖNETİMİ A.Ş.,AKTİF,Serbest Fon,53.572506,11757600,629884102.33,579,YAPI KREDİ PORTFÖY 5-15 YIL VADELİ SERBEST (DÖVİZ) FON
YBR,İŞ PORTFÖY YÖNETİMİ A.Ş.,AKTİF,Serbest Fon,56.002491,115479975,6467166209.87,2609,İŞ PORTFÖY YİRMİBİRİNCİ SERBEST (DÖVİZ) FON
YBS,YAPI KREDİ PORTFÖY YÖNETİMİ A.Ş.,AKTİF,Borçlanma Araçları Fonu,0.14947,14695148982,2196483288.24,12002,YAPI KREDİ PORTFÖY ÖZEL SEKTÖR BORÇLANMA ARAÇLARI FONU
YCK,YAPI KREDİ PORTFÖY YÖNETİMİ A.Ş.,AKTİF,Serbest Fon,4.595775,88269117,405665031,166,YAPI KREDİ PORTFÖY CİHANGİR SERBEST FON
YCP,YAPI KREDİ PORTFÖY YÖNETİMİ A.Ş.,AKTİF,Serbest Fon,7.88798,118538365,935028269.74,1972,YAPI KREDİ PORTFÖY BANKACILIK SEKTÖRÜ HİSSE SENEDİ SERBEST FON (HİSSE SENEDİ YOĞUN FON)
YCY,İSTANBUL PORTFÖY YÖNETİMİ A.Ş.,AKTİF,Fon Sepeti Fonu,4.154515,90817737,377303628.62,276,İSTANBUL PORTFÖY KATILIM FON SEPETİ FONU
YDI,YAPI KREDİ PORTFÖY YÖNETİMİ A.Ş.,AKTİF,Hisse Senedi Fonu,0.448967,2405597220,1080032830.7,6884,YAPI KREDİ PORTFÖY MODEL PORTFÖY HİSSE SENEDİ FONU (HİSSE SENEDİ YOĞUN FON)
YDP,YAPI KREDİ PORTFÖY YÖNETİMİ A.Ş.,AKTİF,Değişken Fon,2.211556,191292255,423053487.89,2620,YAPI KREDİ PORTFÖY BİRİNCİ DEĞİŞKEN FON
YEF,YAPI KREDİ PORTFÖY YÖNETİMİ A.Ş.,AKTİF,Hisse Senedi Fonu,0.935872,2175015733,2035536555.15,15238,YAPI KREDİ PORTFÖY BIST 30 ENDEKSİ HİSSE SENEDİ FONU (HİSSE SENEDİ YOĞUN FON)
YFV,YAPI KREDİ PORTFÖY YÖNETİMİ A.Ş.,AKTİF,Katılım Fonu,0.107675,8568721327,922639214.08,7503,YAPI KREDİ PORTFÖY KİRA SERTİFİKALARI KATILIM FONU
YGM,YAPI KREDİ PORTFÖY YÖNETİMİ A.Ş.,AKTİF,Serbest Fon,3.487992,163293404,569566048.69,1888,YAPI KREDİ PORTFÖY EMTİA SERBEST FON
YHB,YAPI KREDİ PORTFÖY YÖNETİMİ A.Ş.,AKTİF,Hisse Senedi Fonu,2.208133,112911560,249323727.63,7088,YAPI KREDİ PORTFÖY BIST 100 DIŞI ŞİRKETLER HİSSE SENEDİ FONU (HİSSE SENEDİ YOĞUN FON)
YHI,YAPI KREDİ PORTFÖY YÖNETİMİ A.Ş.,AKTİF,Serbest Fon,1.395523,37912676,52908015.48,229,YAPI KREDİ PORTFÖY İNŞAAT SEKTÖRÜ HİSSE SENEDİ SERBEST (TL) FON (HİSSE SENEDİ YOĞUN FON)
YHK,YAPI KREDİ PORTFÖY YÖNETİMİ A.Ş.,AKTİF,Hisse Senedi Fonu,1.917669,620139162,1189221615.03,7222,YAPI KREDİ PORTFÖY KATILIM HİSSE SENEDİ FONU (HİSSE SENEDİ YOĞUN FON)
YHP,YAPI KREDİ PORTFÖY YÖNETİMİ A.Ş.,AKTİF,Serbest Fon,4.582088,380000000,1741193280.64,1,YAPI KREDİ PORTFÖY KADIKÖY SERBEST FON
YHS,YAPI KREDİ PORTFÖY YÖNETİMİ A.Ş.,AKTİF,Hisse Senedi Fonu,25.118815,101348149,2545745395.77,9057,YAPI KREDİ PORTFÖY BİRİNCİ HİSSE SENEDİ FONU (HİSSE SENEDİ YOĞUN FON)
YHT,YAPI KREDİ PORTFÖY YÖNETİMİ A.Ş.,AKTİF,Borçlanma Araçları Fonu,0.423629,7273262327,3081162736.92,86172,YAPI KREDİ PORTFÖY KISA VADELİ BORÇLANMA ARAÇLARI (TL) FONU
YHZ,YAPI KREDİ PORTFÖY YÖNETİMİ A.Ş.,AKTİF,Hisse Senedi Fonu,8.743797,146503624,1280997882.47,17641,YAPI KREDİ PORTFÖY BIST TEKNOLOJİ AĞIRLIK SINIRLAMALI ENDEKSİ HİSSE SENEDİ FONU ( HİSSE SENEDİ YOĞUN FON)
YIK,YAPI KREDİ PORTFÖY YÖNETİMİ A.Ş.,AKTİF,Serbest Fon,1.577551,2250812610,3550770735.94,1484,YAPI KREDİ PORTFÖY İKİNCİ PARA PİYASASI SERBEST (TL) FON
YIT,GARANTİ PORTFÖY YÖNETİMİ A.Ş.,AKTİF,Değişken Fon,2.566911,783811102,2011973338.74,15839,GARANTİ PORTFÖY YARI İLETKEN TEKNOLOJİLERİ DEĞİŞKEN FON
YJH,YAPI KREDİ PORTFÖY YÖNETİMİ A.Ş.,AKTİF,Değişken Fon,3.7434,48412712,181228151.39,3929,YAPI KREDİ PORTFÖY TEMİZ ENERJİ DEĞİŞKEN FONU
YJK,YAPI KREDİ PORTFÖY YÖNETİMİ A.Ş.,AKTİF,Fon Sepeti Fonu,5.582447,174329076,973182866.52,13873,YAPI KREDİ PORTFÖY ROBOTİK VE YARI İLETKEN TEKNOLOJİLERİ FON SEPETİ FONU
YJY,YAPI KREDİ PORTFÖY YÖNETİMİ A.Ş.,AKTİF,Serbest Fon,58.948947,1362135749,80296467886.58,9304,YAPI KREDİ PORTFÖY YENİKÖY SERBEST (DÖVİZ) FON
YKS,YAPI KREDİ PORTFÖY YÖNETİMİ A.Ş.,AKTİF,Serbest Fon,0.359807,2021183178,727236498.37,366,YAPI KREDİ PORTFÖY İSTANBUL SERBEST FON
YKT,YAPI KREDİ PORTFÖY YÖNETİMİ A.Ş.,AKTİF,Altın Fonu,0.882808,36676010950,32377893530.85,85552,YAPI KREDİ PORTFÖY ALTIN FONU
YLC,ATA PORTFÖY YÖNETİMİ A.Ş.,AKTİF,Değişken Fon,3.932621,19552604,76892990.17,1361,ATA PORTFÖY TARIM VE GIDA DEĞİŞKEN FON
YLE,YAPI KREDİ PORTFÖY YÖNETİMİ A.Ş.,AKTİF,Hisse Senedi Fonu,8.420868,27971693,235545937.11,2245,YAPI KREDİ PORTFÖY BIST SÜRDÜRÜLEBİLİRLİK ENDEKSİ HİSSE SENEDİ FONU (HİSSE SENEDİ YOĞUN FON)
YLO,YAPI KREDİ PORTFÖY YÖNETİMİ A.Ş.,AKTİF,Değişken Fon,5.391581,44008038,237272882.89,4974,YAPI KREDİ PORTFÖY ELEKTRİKLİ ARAÇLAR DEĞİŞKEN FON
YLY,YAPI KREDİ PORTFÖY YÖNETİMİ A.Ş.,AKTİF,Hisse Senedi Fonu,2.220258,15148224,33632962.75,978,YAPI KREDİ PORTFÖY KAR PAYI ÖDEYEN HİSSE SENEDİ (TL) FON (HİSSE SENEDİ YOĞUN FON)
YMD,YAPI KREDİ PORTFÖY YÖNETİMİ A.Ş.,AKTİF,Serbest Fon,57.677452,135564612,7819021426.68,1464,YAPI KREDİ PORTFÖY MASLAK SERBEST (DÖVİZ- ABD DOLARI) FON
YMH,YAPI KREDİ PORTFÖY YÖNETİMİ A.Ş.,AKTİF,Serbest Fon,1.625302,265160521,430965939,312,YAPI KREDİ PORTFÖY MUTLAK GETİRİ HEDEFLİ HİSSE SENEDİ SERBEST FON (HİSSE SENEDİ YOĞUN FON)
YNK,YAPI KREDİ PORTFÖY YÖNETİMİ A.Ş.,AKTİF,Serbest Fon,48.683759,416213259,20262826182.54,1175,YAPI KREDİ PORTFÖY NİŞANTAŞI KAR PAYI ÖDEYEN SERBEST (DÖVİZ) FON
YOT,YAPI KREDİ PORTFÖY YÖNETİMİ A.Ş.,AKTİF,Borçlanma Araçları Fonu,40.966048,54347239,2226391585.85,9845,YAPI KREDİ PORTFÖY BORÇLANMA ARAÇLARI FONU
YOZ,DENİZ PORTFÖY YÖNETİMİ A.Ş,AKTİF,Serbest Fon,50.520746,988515700,49940550988.33,2316,DENİZ PORTFÖY YAKAMOZ SERBEST (DÖVİZ) FON
YP4,YAPI KREDİ PORTFÖY YÖNETİMİ A.Ş.,AKTİF,Serbest Fon,55.45626,2462187088,136543686410.03,29372,YAPI KREDİ PORTFÖY FERİKÖY SERBEST (DÖVİZ) FON
YPC,YAPI KREDİ PORTFÖY YÖNETİMİ A.Ş.,AKTİF,Değişken Fon,5.638979,9309378,52495391.29,2320,YAPI KREDİ PORTFÖY SÜRDÜRÜLEBİLİRLİK DEĞİŞKEN FON
YPF,YAPI KREDİ PORTFÖY YÖNETİMİ A.Ş.,AKTİF,Serbest Fon,10.241367,145409313,1489190117.33,602,YAPI KREDİ PORTFÖY ALFA SERBEST FON
YPK,YAPI KREDİ PORTFÖY YÖNETİMİ A.Ş.,AKTİF,Serbest Fon,14.763245,14436891,213135356.2,223,YAPI KREDİ PORTFÖY GALATA SERBEST FON
YPL,YAPI KREDİ PORTFÖY YÖNETİMİ A.Ş.,AKTİF,Serbest Fon,74.122612,183456307,13598260625.27,1564,YAPI KREDİ PORTFÖY BALAT SERBEST (DÖVİZ) FON
YPR,AZİMUT PORTFÖY YÖNETİMİ A.Ş.,AKTİF,Hisse Senedi Fonu,1.632639,47073344,76853793.76,310,AZİMUT PORTFÖY YILDIZ PAZAR ŞİRKETLERİ HİSSE SENEDİ FONU (HİSSE SENEDİ YOĞUN FON)
YPV,YAPI KREDİ PORTFÖY YÖNETİMİ A.Ş.,AKTİF,Fon Sepeti Fonu,7.851633,685520619,5382456173.16,3343,YAPI KREDİ PORTFÖY ÜÇÜNCÜ FON SEPETİ FONU
YSA,YAPI KREDİ PORTFÖY YÖNETİMİ A.Ş.,AKTİF,Serbest Fon,49.587182,8175917,405420681.66,296,YAPI KREDİ PORTFÖY SUADİYE SERBEST (DÖVİZ) FON
YSH,YAPI KREDİ PORTFÖY YÖNETİMİ A.Ş.,AKTİF,Değişken Fon,0.962782,62943303,60600703.84,458,YAPI KREDİ PORTFÖY BÜYÜK ÖLÇEKLİ ŞİRKETLER DEĞİŞKEN FON
YSL,YAPI KREDİ PORTFÖY YÖNETİMİ A.Ş.,AKTİF,Serbest Fon,44.254395,15401819,681598176.37,375,YAPI KREDİ PORTFÖY KAR PAYI ÖDEYEN KİRA SERTİFİKALARI KATILIM SERBEST (DÖVİZ) FON
YSO,YAPI KREDİ PORTFÖY YÖNETİMİ A.Ş.,AKTİF,Serbest Fon,1.607736,64218992,103247156.95,471,YAPI KREDİ PORTFÖY SAĞLIK SEKTÖRÜ SERBEST FON
YSU,YAPI KREDİ PORTFÖY YÖNETİMİ A.Ş.,AKTİF,Değişken Fon,0.175613,1420035528,249376903,6143,YAPI KREDİ PORTFÖY ÜÇÜNCÜ DEĞİŞKEN FON
YTD,YAPI KREDİ PORTFÖY YÖNETİMİ A.Ş.,AKTİF,Yabancı Fon Sepeti Fonu,0.937918,1838423951,1724290526.29,14916,YAPI KREDİ PORTFÖY YABANCI FON SEPETİ FONU
YTV,YAPI KREDİ PORTFÖY YÖNETİMİ A.Ş.,AKTİF,Değişken Fon,3.147727,68938754,217000387.76,2392,YAPI KREDİ PORTFÖY TARIM DEĞİŞKEN FON
YTY,YAPI KREDİ PORTFÖY YÖNETİMİ A.Ş.,AKTİF,Serbest Fon,59.987762,2105073282,126278635107.84,20905,YAPI KREDİ PORTFÖY TARABYA SERBEST (DÖVİZ-AVRO) FON
YUB,YAPI KREDİ PORTFÖY YÖNETİMİ A.Ş.,AKTİF,Serbest Fon,5.097537,68889252,351165516.14,605,YAPI KREDİ PORTFÖY KARAKÖY HİSSE SENEDİ SERBEST FON (HİSSE SENEDİ YOĞUN FON)
YUI,YAPI KREDİ PORTFÖY YÖNETİMİ A.Ş.,AKTİF,Serbest Fon,1.863644,479200096,893058463.86,7,YAPI KREDİ PORTFÖY BEYKOZ SERBEST FON
YUN,YAPI KREDİ PORTFÖY YÖNETİMİ A.Ş.,AKTİF,Serbest Fon,59.611287,55460097,3306047737.35,591,YAPI KREDİ PORTFÖY İSTİNYE SERBEST (DÖVİZ) FON
YVB,YAPI KREDİ PORTFÖY YÖNETİMİ A.Ş.,AKTİF,Borçlanma Araçları Fonu,1.397524,105833907,147905431.83,801,YAPI KREDİ PORTFÖY UZUN VADELİ BORÇLANMA ARAÇLARI FONU
YVG,YAPI KREDİ PORTFÖY YÖNETİMİ A.Ş.,AKTİF,Serbest Fon,64.163492,95366380,6119039964.33,1230,YAPI KREDİ PORTFÖY SARIYER SERBEST (DÖVİZ-AVRO) FON
YZC,YAPI KREDİ PORTFÖY YÖNETİMİ A.Ş.,AKTİF,Değişken Fon,5.106017,125290485,639735375.35,12270,YAPI KREDİ PORTFÖY FİNTECH VE BLOCKCHAİN TEKNOLOJİLERİ DEĞİŞKEN FON
YZG,YAPI KREDİ PORTFÖY YÖNETİMİ A.Ş.,AKTİF,Fon Sepeti Fonu,13.101657,808887840,10597770790.08,59210,YAPI KREDİ PORTFÖY GÜMÜŞ FON SEPETİ FONU
YZH,TEB PORTFÖY YÖNETİMİ A.Ş.,AKTİF,Hisse Senedi Fonu,10.094734,53667201,541756107.93,5441,TEB PORTFÖY BIST BANKA ENDEKSİ HİSSE SENEDİ FONU (HİSSE SENEDİ YOĞUN)
YZK,YAPI KREDİ PORTFÖY YÖNETİMİ A.Ş.,AKTİF,Serbest Fon,7.886155,24666853,194526633.09,184,YAPI KREDİ PORTFÖY KALAMIŞ SERBEST FON
YZT,AK PORTFÖY YÖNETİMİ A.Ş.,AKTİF,Değişken Fon,0.984646,674860911,664498907.87,9660,AK PORTFÖY YAPAY ZEKA TEKNOLOJİLERİ ŞİRKETLERİ DEĞİŞKEN FON
ZBD,ZİRAAT PORTFÖY YÖNETİMİ A.Ş.,AKTİF,Değişken Fon,661.90198,1378453,912401034.44,2084,ZİRAAT PORTFÖY DENGELİ DEĞİŞKEN FON
ZBI,ZİRAAT PORTFÖY YÖNETİMİ A.Ş.,AKTİF,Katılım Fonu,2.313816,89547482,207196421.63,1912,ZİRAAT PORTFÖY TEMKİNLİ KATILIM FONU
ZBJ,ZİRAAT PORTFÖY YÖNETİMİ A.Ş.,AKTİF,Para Piyasası Fonu,5.321507,10941936134,58227586436.01,21593,ZİRAAT PORTFÖY BAŞAK PARA PİYASASI (TL) FONU
ZBO,ZİRAAT PORTFÖY YÖNETİMİ A.Ş.,AKTİF,Serbest Fon,3.338319,141017545,470761616.28,218,ZİRAAT PORTFÖY MUTLAK GETİRİ HEDEFLİ HİSSE SENEDİ SERBEST FON (HİSSE SENEDİ YOĞUN FON)
ZCD,ZİRAAT PORTFÖY YÖNETİMİ A.Ş.,AKTİF,Serbest Fon,4.656505,282419369,1315087337.12,474,ZİRAAT PORTFÖY ALTINCI SERBEST (TL) FON
ZCK,ZİRAAT PORTFÖY YÖNETİMİ A.Ş.,AKTİF,Katılım Fonu,1.684958,219010309,369023201.14,2481,ZİRAAT PORTFÖY AGRESİF KATILIM FONU
ZCN,ZİRAAT PORTFÖY YÖNETİMİ A.Ş.,AKTİF,Fon Sepeti Fonu,4.136288,146021400,603986558.8,6449,ZİRAAT PORTFÖY EMTİA FON SEPETİ FONU
ZDD,ZİRAAT PORTFÖY YÖNETİMİ A.Ş.,AKTİF,Değişken Fon,7.56033,69571434,525982969.26,1450,ZİRAAT PORTFÖY TEMKİNLİ DEĞİŞKEN FON
ZDZ,ZİRAAT PORTFÖY YÖNETİMİ A.Ş.,AKTİF,Değişken Fon,11.191721,77884088,871657006.26,8470,ZİRAAT PORTFÖY AGRESİF DEĞİŞKEN FON
ZFB,AK PORTFÖY YÖNETİMİ A.Ş.,AKTİF,Değişken Fon,7.050685,139604713,984308794.28,14956,AK PORTFÖY FİNTEK VE BLOKZİNCİRİ TEKNOLOJİLERİ DEĞİŞKEN FON
ZHH,ZİRAAT PORTFÖY YÖNETİMİ A.Ş.,AKTİF,Hisse Senedi Fonu,1.377645,60557808,83427157.42,1084,ZİRAAT PORTFÖY HALKBANK SÜRDÜRÜLEBİLİRLİK 30 ŞİRKETLERİ HİSSE SENEDİ FONU (HİSSE SENEDİ YOĞUN FON)
ZIH,ZİRAAT PORTFÖY YÖNETİMİ A.Ş.,AKTİF,Değişken Fon,0.912097,590350647,538457113.21,7115,ZİRAAT PORTFÖY HAVACILIK VE SAVUNMA TEKNOLOJİLERİ DEĞİŞKEN FON
ZJB,ZİRAAT PORTFÖY YÖNETİMİ A.Ş.,AKTİF,Serbest Fon,9.910292,805285878,7980617812.27,1598,ZİRAAT PORTFÖY BİRİNCİ SERBEST (TL) FON
ZJI,ZİRAAT PORTFÖY YÖNETİMİ A.Ş.,AKTİF,Serbest Fon,10.149776,628780248,6381978822.5,1553,ZİRAAT PORTFÖY İKİNCİ SERBEST (TL) FON
ZJL,ZİRAAT PORTFÖY YÖNETİMİ A.Ş.,AKTİF,Hisse Senedi Fonu,13.802181,26835800,370392565.99,2533,ZİRAAT PORTFÖY BIST 100 DIŞI ŞİRKETLER HİSSE SENEDİ FONU (HİSSE SENEDİ YOĞUN FON)
ZJV,ZİRAAT PORTFÖY YÖNETİMİ A.Ş.,AKTİF,Hisse Senedi Fonu,10.0957,62588000,631869700.56,1341,ZİRAAT PORTFÖY BIST 30 DIŞI YILDIZ PAZAR ŞİRKETLERİ HİSSE SENEDİ FONU (HİSSE SENEDİ YOĞUN FON)
ZLH,ZİRAAT PORTFÖY YÖNETİMİ A.Ş.,AKTİF,Hisse Senedi Fonu,10.790547,40728800,439486019.03,3383,ZİRAAT PORTFÖY BIST 100-30 ŞİRKETLERİ HİSSE SENEDİ FONU ( HİSSE SENEDİ YOĞUN FON)
ZMT,AZİMUT PORTFÖY YÖNETİMİ A.Ş.,AKTİF,Serbest Fon,63.626666,27379097,1742040649.47,308,AZİMUT PORTFÖY 22.0 SERBEST (DÖVİZ-AVRO) FON
ZMY,ZİRAAT PORTFÖY YÖNETİMİ A.Ş.,AKTİF,Değişken Fon,6.380897,29295300,186930282.02,2783,ZİRAAT PORTFÖY METAVERSE VE YENİ TEKNOLOJİLER DEĞİŞKEN FON
ZP6,ZİRAAT PORTFÖY YÖNETİMİ A.Ş.,AKTİF,Serbest Fon,59.416003,93241597,5540043011.34,1496,ZİRAAT PORTFÖY SEDEF KATILIM SERBEST (DÖVİZ - AMERİKAN DOLARI) FON
ZP8,ZİRAAT PORTFÖY YÖNETİMİ A.Ş.,AKTİF,Serbest Fon,4.192194,13500925808,56598498197.95,4259,ZİRAAT PORTFÖY KEHRİBAR PARA PİYASASI KATILIM SERBEST (TL) FON
ZP9,ZİRAAT PORTFÖY YÖNETİMİ A.Ş.,AKTİF,Serbest Fon,61.465837,47208766,2901726300.13,821,ZİRAAT PORTFÖY AKİK KATILIM SERBEST (DÖVİZ-AVRO) FON
ZPA,ZİRAAT PORTFÖY YÖNETİMİ A.Ş.,AKTİF,Serbest Fon,68.272057,62222377,4248049670.96,952,ZİRAAT PORTFÖY SERBEST (DÖVİZ) FON
ZPC,ZİRAAT PORTFÖY YÖNETİMİ A.Ş.,AKTİF,Fon Sepeti Fonu,18.767306,165949778,3114430232.46,2814,ZİRAAT PORTFÖY FON SEPETİ FONU
ZPE,ZİRAAT PORTFÖY YÖNETİMİ A.Ş.,AKTİF,Hisse Senedi Fonu,33.019274,37220074,1228979813.31,7561,ZİRAAT PORTFÖY KATILIM HİSSE SENEDİ FONU (HİSSE SENEDİ YOĞUN FON)
ZPF,ZİRAAT PORTFÖY YÖNETİMİ A.Ş.,AKTİF,Katılım Fonu,23.573535,31863643,751138710.23,3433,ZİRAAT PORTFÖY KATILIM FONU (DÖVİZ)
ZPG,ZİRAAT PORTFÖY YÖNETİMİ A.Ş.,AKTİF,Katılım Fonu,10.946424,150495222,1647384574.11,6645,ZİRAAT PORTFÖY KİRA SERTİFİKALARI (SUKUK) KATILIM FONU
ZPO,ZİRAAT PORTFÖY YÖNETİMİ A.Ş.,AKTİF,Katılım Fonu,1.069453,2544871494,2721619915.8,2455,ZİRAAT PORTFÖY PARA PİYASASI KATILIM FONU
ZPR,ZİRAAT PORTFÖY YÖNETİMİ A.Ş.,AKTİF,Serbest Fon,1.587256,20411059430,32397581430.82,994,ZİRAAT PORTFÖY PARA PİYASASI SERBEST FON
ZSF,ZİRAAT PORTFÖY YÖNETİMİ A.Ş.,AKTİF,Yabancı Hisse Senedi Fonu ,53.459821,792924,42389574.92,1608,ZİRAAT PORTFÖY S&P/OIC COMCEC (İSEDAK) 50 SHARİAH ŞİRKETLERİ YABANCI HİSSE SENEDİ FONU
ZSG,ZİRAAT PORTFÖY YÖNETİMİ A.Ş.,AKTİF,Fon Sepeti Fonu,4.289236,11383800,48827810.14,906,ZİRAAT PORTFÖY ESG SÜRDÜRÜLEBİLİRLİK FON SEPETİ FONU
ZTG,ZİRAAT PORTFÖY YÖNETİMİ A.Ş.,AKTİF,Fon Sepeti Fonu,1.353137,34183660,46255189.57,1156,ZİRAAT PORTFÖY TARIM VE GIDA FON SEPETİ FONU
ZTV,ZİRAAT PORTFÖY YÖNETİMİ A.Ş.,AKTİF,Hisse Senedi Fonu,0.973246,719523703,700273788.63,2001,ZİRAAT PORTFÖY TÜRKİYE VARLIK FONU İŞTİRAKLERİ HİSSE SENEDİ FONU (HİSSE SENEDİ YOĞUN FON)
ZVO,ZİRAAT PORTFÖY YÖNETİMİ A.Ş.,AKTİF,Serbest Fon,3.712148,230740464,856542787.08,318,ZİRAAT PORTFÖY ÜÇÜNCÜ SERBEST (TL) FON
